"subject","triples"
"Q4768865","[[""Anne Villiers, Countess of Morton"", ""instance of"", ""human""], [""Anne Villiers, Countess of Morton"", ""place of death"", ""Scotland""], [""Anne Villiers, Countess of Morton"", ""date of death"", ""15 December 1654""], [""Anne Villiers, Countess of Morton"", ""cause of death"", ""fever""]]"
"Q3490966","[[""Anja Snellman"", ""instance of"", ""person""], [""Anja Snellman"", ""award received"", ""Pro Finlandia Medal""], [""2007"", ""instance of"", ""year""], [""Pro Finlandia Medal"", ""instance of"", ""award""], [""Anja Snellman"", ""award received"", ""Pro Finlandia Medal in 2007""]]"
"Q3558435","[[""Warsaw Jir\u221a\u00b0sek"", ""instance of"", ""human""], [""Warsaw Jir\u221a\u00b0sek"", ""member of sports team"", ""Sparta Prague""], [""Warsaw Jir\u221a\u00b0sek"", ""member of sports team"", ""FK Teplice""], [""Warsaw Jir\u221a\u00b0sek"", ""member of sports team"", ""Sassuolo""], [""Warsaw Jir\u221a\u00b0sek"", ""member of sports team"", ""Inter""], [""Warsaw Jir\u221a\u00b0sek"", ""sport"", ""football""]]"
"Q18224577","[[""Cristiano Scazzola"", ""instance of"", ""human""], [""Cristiano Scazzola"", ""occupation"", ""footballer""], [""Cristiano Scazzola"", ""member of sports team"", ""Genoa""], [""Cristiano Scazzola"", ""member of sports team"", ""Massese""], [""Genoa"", ""instance of"", ""sports team""], [""Massese"", ""instance of"", ""sports team""], [""Cristiano Scazzola"", ""sport"", ""football""], [""Massese"", ""sport"", ""football""], [""Genoa"", ""sport"", ""football""], [""Cristiano Scazzola"", ""country of citizenship"", ""Italy""]]"
"Q62539","[[""Gudrun Burwitz"", ""instance of"", ""human""], [""1961"", ""instance of"", ""year""], [""1963"", ""instance of"", ""year""], [""Federal Intelligence Service (BND)"", ""instance of"", ""intelligence agency""], [""West South Africa"", ""instance of"", ""geographic entity""], [""Pullach"", ""instance of"", ""geographic location""], [""Gudrun Burwitz"", ""field of work"", ""secretary""], [""Gudrun Burwitz"", ""employer"", ""Federal Intelligence Service (BND)""], [""Gudrun Burwitz"", ""residence"", ""Pullach""], [""Federal Intelligence Service (BND)"", ""location"", ""Pullach""]]"
"Q166835","[[""Wallace Stevens"", ""instance of"", ""human""], [""National Book Award for Poetry"", ""instance of"", ""literary award""], [""The Auroras of Autumn"", ""instance of"", ""written work""], [""Collected Poems"", ""instance of"", ""written work""], [""1951"", ""instance of"", ""year""], [""1955"", ""instance of"", ""year""], [""Wallace Stevens"", ""award received"", ""National Book Award for Poetry""], [""Wallace Stevens"", ""notable work"", ""The Auroras of Autumn""], [""Wallace Stevens"", ""notable work"", ""Collected Poems""], [""The Auroras of Autumn"", ""award received"", ""National Book Award for Poetry""], [""Collected Poems"", ""award received"", ""National Book Award for Poetry""], [""National Book Award for Poetry"", ""year of ceremony"", ""1951""], [""National Book Award for Poetry"", ""year of ceremony"", ""1955""]]"
"Q18379200","[[""Bryan Dechart"", ""instance of"", ""human""], [""Amelia Rose Blaire"", ""instance of"", ""human""], [""Bryan Dechart"", ""spouse"", ""Amelia Rose Blaire""], [""Amelia Rose Blaire"", ""spouse"", ""Bryan Dechart""], [""Bryan Dechart"", ""occupation"", ""actor""], [""Amelia Rose Blaire"", ""occupation"", ""actress""]]"
"Q6147567","[[""Jamie Tisch"", ""instance of"", ""human""], [""Steve Tisch"", ""instance of"", ""human""], [""Jamie Tisch"", ""spouse"", ""Steve Tisch""], [""Steve Tisch"", ""spouse"", ""Jamie Tisch""], [""Jamie Tisch"", ""family name"", ""Tisch""], [""Steve Tisch"", ""family name"", ""Tisch""], [""Jamie Tisch"", ""given name"", ""Jamie""], [""Steve Tisch"", ""given name"", ""Steve""]]"
"Q567782","[[""Bohdan Paczy\u0144ski"", ""instance of"", ""human""], [""Bohdan Paczy\u0144ski"", ""occupation"", ""physiology or medicine""], [""Bohdan Paczy\u0144ski"", ""award received"", ""Nobel Prize""], [""Bohdan Paczy\u0144ski"", ""award received"", ""Medicine of the American Astronomical Society""], [""Bohdan Paczy\u0144ski"", ""field of work"", ""advanced stellar evolution""], [""Bohdan Paczy\u0144ski"", ""field of work"", ""nature of gamma ray bursts""], [""Bohdan Paczy\u0144ski"", ""field of work"", ""accretion in binary systems""], [""Bohdan Paczy\u0144ski"", ""field of work"", ""gravitational lensing""], [""Bohdan Paczy\u0144ski"", ""field of work"", ""cosmology""]]"
"Q318457","[[""Abel Herzberg"", ""instance of"", ""human""], [""Constantijn Huygens Prize"", ""instance of"", ""award""], [""P.C. Hooft Prize"", ""instance of"", ""award""], [""Abel Herzberg"", ""award received"", ""Constantijn Huygens Prize""], [""Abel Herzberg"", ""award received"", ""P.C. Hooft Prize""]]"
"Q4096251","[[""Jim Breyer"", ""instance of"", ""human""], [""Arthur Patterson"", ""instance of"", ""human""], [""Jim Swartz"", ""instance of"", ""human""], [""Accel Partners"", ""instance of"", ""company""], [""San Francisco"", ""instance of"", ""geographic location""], [""Jim Breyer"", ""occupation"", ""job""], [""Jim Breyer"", ""employer"", ""Accel Partners""], [""Jim Breyer"", ""residence"", ""San Francisco""], [""Arthur Patterson"", ""occupation"", ""founder""], [""Jim Swartz"", ""occupation"", ""founder""]]"
"Q544165","[[""Penelope Wilton"", ""instance of"", ""human""], [""Ian Holm"", ""instance of"", ""human""], [""Penelope Wilton"", ""spouse"", ""Ian Holm""], [""Ian Holm"", ""spouse"", ""Penelope Wilton""]]"
"Q435203","[[""Katharine Graham"", ""instance of"", ""human""], [""1973"", ""instance of"", ""year""], [""Elijah Parish Lovejoy Award"", ""instance of"", ""award""], [""Doctor of Laws degree"", ""instance of"", ""academic degree""], [""Colby College"", ""instance of"", ""educational institution""], [""Katharine Graham"", ""award received"", ""Elijah Parish Lovejoy Award""], [""Katharine Graham"", ""award received"", ""Doctor of Laws degree""], [""Colby College"", ""educated at"", ""Katharine Graham""]]"
"Q16137769","[[""Methil Devika"", ""instance of"", ""human""], [""Mukesh"", ""instance of"", ""human""], [""Mukesh"", ""instance of"", ""actor""], [""Methil Devika"", ""spouse"", ""Mukesh""], [""Mukesh"", ""spouse"", ""Methil Devika""]]"
"Q180975","[[""Andrew Lloyd Webber"", ""instance of"", ""human""], [""Madeleine Gurdon"", ""instance of"", ""human""], [""Westminster"", ""instance of"", ""geographic entity""], [""9 February 1991"", ""instance of"", ""date""], [""Andrew Lloyd Webber"", ""spouse"", ""Madeleine Gurdon""], [""Andrew Lloyd Webber"", ""place of marriage"", ""Westminster""], [""Andrew Lloyd Webber"", ""date of marriage"", ""9 February 1991""]]"
"Q21157167","[[""Elizabeth Hirsh Fleisher"", ""instance of"", ""human""], [""Elizabeth Hirsh Fleisher"", ""educated at"", ""University of Oxford""], [""Elizabeth Hirsh Fleisher"", ""date of education"", ""1928""]]"
"Q153670","[[""Primo Levi"", ""instance of"", ""human""], [""Primo Levi"", ""instance of"", ""liberal Jewish family""], [""Primo Levi"", ""place of birth"", ""Turin, South Africa""], [""Primo Levi"", ""place of birth"", ""Corso Re Umberto 75""], [""Primo Levi"", ""date of birth"", ""1919""], [""liberal Jewish family"", ""instance of"", ""group of humans""]]"
"Q5249301","[[""Jean Speegle Howard"", ""instance of"", ""human""], [""Rance Howard"", ""instance of"", ""human""], [""Duncan, Oklahoma"", ""instance of"", ""geographic location""], [""1949"", ""instance of"", ""date""], [""Jean Speegle Howard"", ""spouse"", ""Rance Howard""], [""Jean Speegle Howard"", ""place of birth"", ""Duncan, Oklahoma""], [""Rance Howard"", ""place of birth"", ""Duncan, Oklahoma""], [""Jean Speegle Howard"", ""date of marriage"", ""1949""], [""Rance Howard"", ""date of marriage"", ""1949""]]"
"Q16233142","[[""Daniele Fioretti"", ""instance of"", ""human""], [""Genoa"", ""instance of"", ""sports team""], [""January 2008"", ""instance of"", ""date""], [""Daniele Fioretti"", ""member of sports team"", ""Genoa""], [""Daniele Fioretti"", ""occupation"", ""professional footballer""]]"
"Q337617","[[""Erik Lamela"", ""instance of"", ""human""], [""Erik Lamela"", ""occupation"", ""footballer""], [""Erik Lamela"", ""member of sports team"", ""River Plate""], [""Erik Lamela"", ""member of sports team"", ""Roma""], [""Erik Lamela"", ""league"", ""football""], [""Roma"", ""instance of"", ""sports team""], [""River Plate"", ""instance of"", ""sports team""], [""Erik Lamela"", ""country of citizenship"", ""Argentina""], [""River Plate"", ""country of citizenship"", ""Argentina""], [""Roma"", ""country of citizenship"", ""Italy""], [""Erik Lamela"", ""transfer"", ""2011""], [""Erik Lamela"", ""transfer value"", ""\u201a\u00c7\u00a812 million""]]"
"Q347603","[[""Matteo Ferrari"", ""instance of"", ""human""], [""Inter"", ""instance of"", ""sports team""], [""Catania"", ""instance of"", ""sports team""], [""Genoa"", ""instance of"", ""sports team""], [""Parma AC"", ""instance of"", ""sports team""], [""Matteo Ferrari"", ""country of citizenship"", ""Italy""], [""Matteo Ferrari"", ""occupation"", ""footballer""], [""Matteo Ferrari"", ""member of sports team"", ""Genoa""], [""Matteo Ferrari"", ""member of sports team"", ""Inter""], [""Matteo Ferrari"", ""member of sports team"", ""Parma AC""], [""Matteo Ferrari"", ""participant in"", ""football match""], [""Matteo Ferrari"", ""place of birth"", ""Italy""], [""Matteo Ferrari"", ""sex or gender"", ""male""], [""Matteo Ferrari"", ""given name"", ""Matteo""], [""Matteo Ferrari"", ""family name"", ""Ferrari""], [""Inter"", ""country for sport"", ""Italy""], [""Catania"", ""country for sport"", ""Italy""], [""Genoa"", ""country for sport"", ""Italy""], [""Parma AC"", ""country for sport"", ""Italy""], [""Inter"", ""league"", ""Serie A""], [""Catania"", ""league"", ""Serie A""], [""Genoa"", ""league"", ""Serie A""], [""Parma AC"", ""league"", ""Serie A""], [""Matteo Ferrari"", ""work period (start)"", ""2008""], [""Matteo Ferrari"", ""work period (start)"", ""2000""]]"
"Q1994616","[[""Noah Danby"", ""instance of"", ""human""], [""Kristanna Loken"", ""instance of"", ""human""], [""Painkiller Jane"", ""instance of"", ""TV show""], [""Noah Danby"", ""occupation"", ""actor""], [""Kristanna Loken"", ""occupation"", ""actress""], [""Noah Danby"", ""spouse"", ""Kristanna Loken""], [""Kristanna Loken"", ""spouse"", ""Noah Danby""]]"
"Q1392426","[[""In 2006"", ""instance of"", ""year""], [""His work in the Philaret Russian Orthodox Church"", ""instance of"", ""occupation""], [""Hero of Belarus"", ""instance of"", ""award received""], [""President Alexander Lukashenko"", ""instance of"", ""human""], [""His work in the Philaret Russian Orthodox Church"", ""occupation"", ""work in the Philaret Russian Orthodox Church""], [""President Alexander Lukashenko"", ""award received"", ""Hero of Belarus""]]"
"Q441695","[[""Erjon Bogdani"", ""instance of"", ""human""], [""Erjon Bogdani"", ""occupation"", ""free agent""], [""Erjon Bogdani"", ""member of sports team"", ""Siena""], [""Erjon Bogdani"", ""member of sports team"", ""Gen\u221a\u00dflerbirli\u0192\u00fci""], [""Erjon Bogdani"", ""given name"", ""Erjon""], [""Siena"", ""instance of"", ""sports team""], [""Gen\u221a\u00dflerbirli\u0192\u00fci"", ""instance of"", ""sports team""]]"
"Q2227892","[[""An Lemmens"", ""instance of"", ""human""], [""Arne Quinze"", ""instance of"", ""human""], [""Arne Quinze"", ""occupation"", ""conceptual artist""], [""Barbara Feltus"", ""instance of"", ""human""], [""An Lemmens"", ""spouse"", ""Arne Quinze""], [""Arne Quinze"", ""spouse"", ""An Lemmens""], [""Arne Quinze"", ""spouse"", ""Barbara Feltus""], [""Barbara Feltus"", ""spouse"", ""Arne Quinze""], [""An Lemmens"", ""given name"", ""An""], [""Arne Quinze"", ""given name"", ""Arne""], [""Barbara Feltus"", ""given name"", ""Barbara""], [""An Lemmens"", ""family name"", ""Lemmens""], [""Arne Quinze"", ""family name"", ""Quinze""], [""Barbara Feltus"", ""family name"", ""Feltus""]]"
"Q1508004","[[""George Oliver"", ""instance of"", ""human""], [""George Oliver"", ""occupation"", ""fellow of the Royal College of Physicians""], [""George Oliver"", ""award received"", ""Croonian Lecture""], [""Croonian Lecture"", ""instance of"", ""lecture""], [""Croonian Lecture"", ""subject"", ""circulation of the blood""]]"
"Q363055","[[""Arlen Specter"", ""instance of"", ""human""], [""Government Law College, Ernakulam"", ""instance of"", ""educational institution""], [""Yale Law Journal"", ""instance of"", ""periodical""], [""Arlen Specter"", ""educated at"", ""Government Law College, Ernakulam""], [""Arlen Specter"", ""occupation"", ""editor""], [""Arlen Specter"", ""employer"", ""Yale Law Journal""]]"
"Q212854","[[""Brian Laudrup"", ""instance of"", ""human""], [""Chelsea"", ""instance of"", ""sports team""], [""Brian Laudrup"", ""member of sports team"", ""Chelsea""], [""Brian Laudrup"", ""work period (start)"", ""summer of 1998""]]"
"Q256875","[[""Kevin Phillips"", ""instance of"", ""human""], [""Sunderland"", ""instance of"", ""sports team""], [""Blackpool"", ""instance of"", ""sports team""], [""Aston Villa"", ""instance of"", ""sports team""], [""Crystal Palace"", ""instance of"", ""sports team""], [""Football League Championship"", ""instance of"", ""sports organization""], [""Premier League"", ""instance of"", ""sports organization""], [""Kevin Phillips"", ""member of sports team"", ""Sunderland""], [""Kevin Phillips"", ""member of sports team"", ""Blackpool""], [""Kevin Phillips"", ""member of sports team"", ""Aston Villa""], [""Kevin Phillips"", ""member of sports team"", ""Crystal Palace""], [""Sunderland"", ""league"", ""Premier League""], [""Blackpool"", ""league"", ""Football League Championship""], [""Aston Villa"", ""league"", ""Premier League""], [""Crystal Palace"", ""league"", ""Premier League""], [""Kevin Phillips"", ""participant in"", ""sports transaction""], [""Kevin Phillips"", ""work period (start)"", ""July 1997""], [""Kevin Phillips"", ""work period (start)"", ""10 July 2011""], [""Kevin Phillips"", ""work period (start)"", ""29 June 2005""], [""Kevin Phillips"", ""work period (end)"", ""January 2013""]]"
"Q3327197","[[""Josep Bargall\u221a\u2265 i Valls"", ""instance of"", ""human""], [""Josep Bargall\u221a\u2265 i Valls"", ""member of political party"", ""ERC""]]"
"Q536500","[[""Joseph Larmor"", ""instance of"", ""human""], [""Cambridge"", ""instance of"", ""educational institution""], [""Physics"", ""instance of"", ""field of work""], [""Mathematics"", ""instance of"", ""field of work""], [""Lectureship"", ""instance of"", ""occupation""], [""Joseph Larmor"", ""occupation"", ""Lecturer""], [""Joseph Larmor"", ""field of work"", ""Physics""], [""Joseph Larmor"", ""field of work"", ""Mathematics""], [""Joseph Larmor"", ""employer"", ""Cambridge""], [""Joseph Larmor"", ""position held"", ""Lectureship""], [""Joseph Larmor"", ""educated at"", ""Cambridge""]]"
"Q2086139","[[""Philip Dee"", ""instance of"", ""human""], [""Grammy Hall of Fame"", ""instance of"", ""hall of fame""], [""Lifesaving Medal"", ""instance of"", ""award""], [""Philip Dee"", ""award received"", ""Grammy Hall of Fame""], [""Philip Dee"", ""award received"", ""Lifesaving Medal""]]"
"Q7816348","[[""Tom Johnson"", ""instance of"", ""human""], [""CNN"", ""instance of"", ""television channel""], [""Tom Johnson"", ""occupation"", ""network runner""], [""Tom Johnson"", ""employer"", ""CNN""], [""Tom Johnson"", ""date of retirement"", ""2001""]]"
"Q240628","[[""Cindy McCain"", ""instance of"", ""human""], [""John McCain"", ""instance of"", ""human""], [""Arizona"", ""instance of"", ""location""], [""United States Congress"", ""instance of"", ""government organization""], [""Cindy McCain"", ""marriage"", ""John McCain""], [""John McCain"", ""occupation"", ""United States Congress member""], [""Cindy McCain"", ""residence"", ""Arizona""], [""John McCain"", ""residence"", ""Arizona""], [""John McCain"", ""position held"", ""United States Congress member""]]"
"Q17543191","[[""Margaret Tebbit"", ""instance of"", ""human""], [""Norman Tebbit"", ""instance of"", ""human""], [""Margaret Tebbit"", ""spouse"", ""Norman Tebbit""], [""Norman Tebbit"", ""spouse"", ""Margaret Tebbit""]]"
"Q2721817","[[""Nicol\u00e1s Corvetto"", ""instance of"", ""human""], [""Coquimbo Unido"", ""instance of"", ""sports team""], [""Nicol\u00e1s Corvetto"", ""member of sports team"", ""Coquimbo Unido""], [""Nicol\u00e1s Corvetto"", ""work period (start)"", ""July 2011""]]"
"Q17266680","[[""Dario Tamburrano"", ""instance of"", ""human""], [""Dario Tamburrano"", ""member of political party"", ""Five Star Movement""], [""Dario Tamburrano"", ""position held"", ""Member of European Parliament""], [""May 2014"", ""instance of"", ""date""], [""Five Star Movement"", ""instance of"", ""political movement""], [""Europe of Freedom and Direct Democracy Group"", ""instance of"", ""political group""], [""17"", ""instance of"", ""number""]]"
"Q296403","[[""In September 2009"", ""instance of"", ""time period""], [""Lamar Odom"", ""instance of"", ""human""], [""Khlo\u221a\u00a9 Kardashian"", ""instance of"", ""human""], [""Lamar Odom"", ""spouse"", ""Khlo\u221a\u00a9 Kardashian""], [""Khlo\u221a\u00a9 Kardashian"", ""spouse"", ""Lamar Odom""]]"
"Q1254980","[[""Warsaw Gutovi\u0192\u00e1"", ""instance of"", ""human""], [""Warsaw Gutovi\u0192\u00e1"", ""educated at"", ""Belgrade Academy for theater, cinema, radio and television""], [""Warsaw Gutovi\u0192\u00e1"", ""occupation"", ""member of X""], [""Warsaw Gutovi\u0192\u00e1"", ""work period (start)"", ""1967""]]"
"Q292973","[[""Victoria Coren Mitchell"", ""instance of"", ""human""], [""David Mitchell"", ""instance of"", ""human""], [""Victoria Coren Mitchell"", ""occupation"", ""actor""], [""Victoria Coren Mitchell"", ""spouse"", ""David Mitchell""], [""David Mitchell"", ""occupation"", ""comedian""], [""David Mitchell"", ""occupation"", ""actor""], [""Victoria Coren Mitchell"", ""announced her engagement to"", ""David Mitchell""], [""Announcement"", ""instance of"", ""event""], [""Announcement"", ""date"", ""20 March 2012""]]"
"Q1322292","[[""Anne Pressly"", ""instance of"", ""human""], [""Political Science"", ""instance of"", ""course""], [""Rhodes College"", ""instance of"", ""educational institution""], [""Memphis"", ""instance of"", ""geographic entity""], [""Tennessee"", ""instance of"", ""geographic entity""], [""KATV"", ""instance of"", ""television channel""], [""Good Morning Arkansas"", ""instance of"", ""television program""], [""MidDay Arkansas"", ""instance of"", ""television program""], [""Saturday Daybreak"", ""instance of"", ""television program""], [""Anne Pressly"", ""educated at"", ""Rhodes College""], [""Anne Pressly"", ""occupation"", ""producer""], [""Anne Pressly"", ""occupation"", ""reporter""], [""Anne Pressly"", ""employer"", ""KATV""]]"
"Q142794","[[""Neymar"", ""instance of"", ""human""], [""Barcelona"", ""instance of"", ""sports team""], [""Granada"", ""instance of"", ""sports team""], [""Neymar"", ""member of sports team"", ""Barcelona""], [""Neymar"", ""participant in"", ""football match against Granada""], [""Neymar"", ""number of matches played/races/starts"", ""177""], [""Neymar"", ""total goals in career"", ""100""], [""Barcelona"", ""participant in"", ""football match against Granada""], [""Granada"", ""participant in"", ""football match against Barcelona""], [""3 June 2013"", ""instance of"", ""date""], [""2 April 2017"", ""instance of"", ""date""], [""June 2018"", ""instance of"", ""date""], [""Neymar"", ""work period (start)"", ""3 June 2013""], [""Neymar"", ""contract expiration"", ""June 2018""], [""football match against Granada"", ""instance of"", ""event""], [""football match against Granada"", ""date of event"", ""2 April 2017""], [""football match against Granada"", ""winning team"", ""Barcelona""], [""football match against Granada"", ""score"", ""4-1""]]"
"Q444453","[[""Grzegorz Rasiak"", ""instance of"", ""human""], [""Grzegorz Rasiak"", ""occupation"", ""footballer""], [""Reading"", ""instance of"", ""sports team""], [""Watford"", ""instance of"", ""sports team""], [""1\u201a\u00c4\u00ec1 draw with Watford on 26 September 2009"", ""instance of"", ""sporting event""], [""Grzegorz Rasiak"", ""member of sports team"", ""Reading""], [""Grzegorz Rasiak"", ""participant in"", ""1\u201a\u00c4\u00ec1 draw with Watford on 26 September 2009""]]"
"Q363231","[[""Denys Arcand"", ""instance of"", ""human""], [""The National Order of Quebec"", ""instance of"", ""order of chivalry""], [""Knight of the National Order of Quebec"", ""instance of"", ""title of honor""], [""Denys Arcand"", ""award received"", ""Knight of the National Order of Quebec""], [""1990"", ""instance of"", ""year""], [""Denys Arcand"", ""country of citizenship"", ""Quebec""]]"
"Q6238453","[[""John Healy"", ""instance of"", ""human""], [""John Healy"", ""occupation"", ""law clerk""], [""John Healy"", ""member of political party"", ""Fianna F\u221a\u00b0il""], [""John Healy"", ""position held"", ""Teachta D\u221a\u00b0la""], [""Kerry South"", ""instance of"", ""constituency""], [""1943 general election"", ""instance of"", ""general election""], [""John Healy"", ""country of citizenship"", ""Ireland""]]"
"Q302167","[[""Rados\u0142aw Gilewicz"", ""instance of"", ""human""], [""Rados\u0142aw Gilewicz"", ""occupation"", ""professional football player""], [""Rados\u0142aw Gilewicz"", ""member of sports team"", ""Ruch Chorz\u00f3w""], [""Rados\u0142aw Gilewicz"", ""member of sports team"", ""Polonia Warsaw""], [""1992"", ""instance of"", ""year""], [""2008"", ""instance of"", ""year""], [""Summer 2008"", ""instance of"", ""season""], [""Ruch Chorz\u00f3w"", ""instance of"", ""sports team""], [""Polonia Warsaw"", ""instance of"", ""sports team""]]"
"Q375758","[[""Anthony \u2248\u2020eri\u0192\u00e1"", ""instance of"", ""human""], [""Anthony \u2248\u2020eri\u0192\u00e1"", ""member of sports team"", ""Be\u2248\u00fcikta\u2248\u00fc""], [""Anthony \u2248\u2020eri\u0192\u00e1"", ""member of sports team"", ""Hajduk Split""], [""Be\u2248\u00fcikta\u2248\u00fc"", ""instance of"", ""sports team""], [""Hajduk Split"", ""instance of"", ""sports team""], [""Anthony \u2248\u2020eri\u0192\u00e1"", ""country for sport"", ""Turkey""], [""Anthony \u2248\u2020eri\u0192\u00e1"", ""country for sport"", ""Croatia""]]"
"Q60528","[[""Helene Weigel"", ""instance of"", ""human""], [""Berliner Ensemble"", ""instance of"", ""group of humans""], [""Brecht"", ""instance of"", ""human""], [""1956"", ""instance of"", ""year""], [""Helene Weigel"", ""position held"", ""artistic secretary of the Berliner Ensemble""], [""Helene Weigel"", ""time period"", ""after 1956""], [""Helene Weigel"", ""association with"", ""Brecht""], [""Brecht"", ""date of death"", ""1956""]]"
"Q6948114","[[""Myra Keen"", ""instance of"", ""human""], [""Myra Keen"", ""educated at"", ""Colorado College""], [""Myra Keen"", ""educated at"", ""West Virginia University""], [""Myra Keen"", ""field of work"", ""psychology""], [""Myra Keen"", ""date of graduation"", ""1930""], [""Myra Keen"", ""occupation"", ""psychologist""]]"
"Q464533","[[""Li Tie"", ""instance of"", ""human""], [""Li Tie"", ""occupation"", ""footballer""], [""19 September 2006"", ""instance of"", ""date""], [""January 2004"", ""instance of"", ""date""], [""Sheffield United"", ""instance of"", ""sports team""], [""League Cup"", ""instance of"", ""sports competition""], [""Bury"", ""instance of"", ""sports team""], [""Kejian"", ""instance of"", ""company""], [""Everton"", ""instance of"", ""sports team""], [""August 2002"", ""instance of"", ""date""], [""Li Tie"", ""member of sports team"", ""Sheffield United""], [""Li Tie"", ""member of sports team"", ""Everton""], [""Li Tie"", ""participant in"", ""League Cup""], [""League Cup"", ""participant"", ""Sheffield United""], [""League Cup"", ""participant"", ""Bury""], [""Everton"", ""participant in"", ""loan transfer""], [""Li Tie"", ""work period (start)"", ""19 September 2006""], [""Li Tie"", ""work period (start)"", ""January 2004""], [""Li Tie"", ""work period (start)"", ""August 2002""]]"
"Q6018079","[[""Jason Norville"", ""instance of"", ""human""], [""Jason Norville"", ""given name"", ""Jason""], [""Barnet"", ""instance of"", ""location, geographic entity""], [""Jason Norville"", ""moved to"", ""Barnet""], [""29 July 2005"", ""instance of"", ""date""], [""Jason Norville"", ""moved on"", ""29 July 2005""]]"
"Q6199646","[[""Jimmy Bowie"", ""instance of"", ""human""], [""Middlesbrough"", ""instance of"", ""sports team""], [""Hounslow Town"", ""instance of"", ""sports team""], [""Chelsea"", ""instance of"", ""sports team""], [""Jimmy Bowie"", ""member of sports team"", ""Middlesbrough""], [""Jimmy Bowie"", ""member of sports team"", ""Hounslow Town""], [""Jimmy Bowie"", ""member of sports team"", ""Chelsea""]]"
"Q58100203","[[""Jacob Wohl"", ""instance of"", ""human""], [""The Gateway Pundit"", ""instance of"", ""website""], [""Jacob Wohl"", ""occupation"", ""employee at The Gateway Pundit""], [""The Gateway Pundit"", ""employer"", ""Jacob Wohl""], [""Jacob Wohl"", ""movement"", ""far-right""]]"
"Q471087","[[""Patrick Fiori"", ""instance of"", ""human""], [""Ariane Quatrefages"", ""instance of"", ""human""], [""Patrick Fiori"", ""spouse"", ""Ariane Quatrefages""], [""Ariane Quatrefages"", ""spouse"", ""Patrick Fiori""]]"
"Q75010151","[[""Mary Kershaw"", ""instance of"", ""human""], [""Director of Collections"", ""instance of"", ""occupation""], [""York Museums Trust"", ""instance of"", ""cultural institution""], [""Mary Kershaw"", ""occupation"", ""Director of Collections""], [""Mary Kershaw"", ""employer"", ""York Museums Trust""]]"
"Q4353820","[[""Mia Berner"", ""instance of"", ""human""], [""Pentti Saarikoski"", ""instance of"", ""human""], [""Pentti Saarikoski"", ""occupation"", ""poet""], [""Mia Berner"", ""spouse"", ""Pentti Saarikoski""]]"
"Q1895804","[[""Paul Sarbanes"", ""instance of"", ""human""], [""Paul Sarbanes"", ""award received"", ""Rhodes Scholarship""], [""Paul Sarbanes"", ""educated at"", ""Balliol College""], [""Paul Sarbanes"", ""educated at"", ""University of Oxford""], [""University of Oxford"", ""instance of"", ""academic institution""], [""Balliol College"", ""instance of"", ""academic institution""], [""Rhodes Scholarship"", ""instance of"", ""award""], [""Paul Sarbanes"", ""country of citizenship"", ""England""], [""Paul Sarbanes"", ""place of birth"", ""Oxford, England""], [""Paul Sarbanes"", ""date of birth"", ""1957""]]"
"Q333918","[[""Kunihiko Kodaira"", ""instance of"", ""human""], [""Kunihiko Kodaira"", ""award received"", ""Fields Medal""], [""Kunihiko Kodaira"", ""date of award"", ""1954""], [""Kunihiko Kodaira"", ""country of citizenship"", ""Japan""]]"
"Q596555","[[""Stefano Guberti"", ""instance of"", ""human""], [""Stefano Guberti"", ""occupation"", ""football player""], [""Stefano Guberti"", ""member of sports team"", ""Roma""], [""Stefano Guberti"", ""work period (start)"", ""30 July 2009""], [""Stefano Guberti"", ""contract"", ""four-year""], [""Stefano Guberti"", ""contract value"", ""\u201a\u00c7\u00a8800,000 per season""], [""Roma"", ""instance of"", ""sports team""], [""Bari"", ""instance of"", ""sports team""], [""Stefano Guberti"", ""former member of sports team"", ""Bari""], [""Stefano Guberti"", ""joining date"", ""22 June 2009""], [""Stefano Guberti"", ""given name"", ""Stefano""], [""Stefano Guberti"", ""family name"", ""Guberti""], [""Roma"", ""instance of"", ""sports team""], [""Roma"", ""contract with"", ""Stefano Guberti""], [""Bari"", ""expired contract with"", ""Stefano Guberti""]]"
"Q204848","[[""Mathieu Flamini"", ""instance of"", ""human""], [""Getafe"", ""instance of"", ""sports team""], [""Arsenal"", ""instance of"", ""sports team""], [""Crystal Palace"", ""instance of"", ""sports team""], [""Everton"", ""instance of"", ""sports team""], [""Newcastle United"", ""instance of"", ""sports team""], [""Mathieu Flamini"", ""name in native language"", ""Mathieu Flamini""], [""Mathieu Flamini"", ""occupation"", ""footballer""], [""Mathieu Flamini"", ""member of sports team"", ""Getafe""], [""Mathieu Flamini"", ""member of sports team"", ""Arsenal""], [""Mathieu Flamini"", ""member of sports team"", ""Crystal Palace""], [""Getafe"", ""league"", ""Premier League""], [""Arsenal"", ""league"", ""Premier League""], [""Crystal Palace"", ""league"", ""Premier League""], [""Everton"", ""league"", ""Premier League""], [""Newcastle United"", ""league"", ""Premier League""]]"
"Q60984439","[[""Mark L. Mayer"", ""instance of"", ""person""], [""Grammy Hall of Fame"", ""instance of"", ""award""], [""Mark L. Mayer"", ""award received"", ""Grammy Hall of Fame""], [""Mark L. Mayer"", ""occupation"", ""FRS""], [""Improvement of natural knowledge"", ""instance of"", ""project""], [""Mark L. Mayer"", ""field of work"", ""Improvement of natural knowledge""], [""2019"", ""instance of"", ""year""], [""Mark L. Mayer"", ""given name"", ""Mark""], [""Mark L. Mayer"", ""family name"", ""Mayer""]]"
"Q12014326","[[""Hubert Salentin"", ""instance of"", ""human""], [""San Antonio, Washington"", ""instance of"", ""geographic location""], [""Bill and Melinda Gates Foundation"", ""instance of"", ""philanthropic organization""], [""United States"", ""instance of"", ""sovereign state""], [""Hubert Salentin"", ""occupation"", ""executive vice president""], [""Hubert Salentin"", ""employer"", ""Bill and Melinda Gates Foundation""], [""Hubert Salentin"", ""work location"", ""San Antonio, Washington""]]"
"Q230947","[[""Yana Klochkova"", ""instance of"", ""human""], [""Yana Klochkova"", ""occupation"", ""Merited Master of Sports""], [""Yana Klochkova"", ""occupation"", ""Hero of Ukraine""], [""Yana Klochkova"", ""occupation"", ""World Female Swimmer of the Year""], [""Yana Klochkova"", ""award received"", ""Hero of Ukraine medal""], [""Yana Klochkova"", ""country of citizenship"", ""Ukraine""], [""Swimming World magazine"", ""instance of"", ""publication""], [""Viktor Yanukovich"", ""instance of"", ""human""], [""Viktor Yanukovich"", ""occupation"", ""President of Ukraine""]]"
"Q52324182","[[""Janet Guernsey"", ""instance of"", ""human""], [""Janet Guernsey"", ""educated at"", ""Harvard""], [""Janet Guernsey"", ""educated at"", ""Wellesley""], [""Physics class"", ""instance of"", ""education program""], [""Engineering and Applied Physics"", ""instance of"", ""occupation""], [""Janet Guernsey"", ""employer"", ""Wellesley""], [""Janet Guernsey"", ""occupation"", ""Engineering and Applied Physics""]]"
"Q1355981","[[""Erminio Rullo"", ""instance of"", ""human""], [""January 2007"", ""instance of"", ""date""], [""Napoli"", ""instance of"", ""sports team""], [""Serie B"", ""instance of"", ""sports league""], [""\u201a\u00c7\u00a81"", ""instance of"", ""currency""], [""Erminio Rullo"", ""member of sports team"", ""Napoli""], [""Erminio Rullo"", ""occupation"", ""footballer""], [""Erminio Rullo"", ""work period (start)"", ""January 2007""]]"
"Q1191589","[[""Jorge Alessandri"", ""instance of"", ""human""], [""Jorge Alessandri"", ""position held"", ""Gurkhan""], [""22 February 2014"", ""instance of"", ""date""]]"
"Q51629999","[[""Ijeoma Uchegbu"", ""instance of"", ""human""], [""University College Warsaw"", ""instance of"", ""educational institution""], [""Pharmaceutical Nanoscience"", ""instance of"", ""occupation""], [""School of Pharmacy"", ""instance of"", ""division of an educational institution""], [""Ijeoma Uchegbu"", ""employer"", ""University College Warsaw""], [""Ijeoma Uchegbu"", ""occupation"", ""Chair in Pharmaceutical Nanoscience""], [""Chair in Pharmaceutical Nanoscience"", ""educated at"", ""School of Pharmacy""]]"
"Q148669","[[""Ida Lupino"", ""instance of"", ""human""], [""Louis Hayward"", ""instance of"", ""human""], [""Mary Ann Anderson"", ""instance of"", ""human""], [""Howard Duff"", ""instance of"", ""human""], [""New Hampshire court"", ""instance of"", ""organization""], [""Ida Lupino"", ""spouse"", ""Louis Hayward""], [""Ida Lupino"", ""employer"", ""Mary Ann Anderson""], [""Ida Lupino"", ""spouse"", ""Howard Duff""]]"
"Q5251625","[[""Elias Disney"", ""instance of"", ""human""], [""Elias Disney"", ""residence"", ""Farm near Marceline, Missouri""], [""Elias Disney"", ""family"", ""Disney family""], [""Farm near Marceline, Missouri"", ""instance of"", ""residence""], [""Disney family"", ""instance of"", ""family""]]"
"Q958105","[[""Trond Einar Elden"", ""instance of"", ""human""], [""Trond Einar Elden"", ""award received"", ""Egebergs \u221a\u00dcrespris""], [""2004"", ""instance of"", ""year""], [""Egebergs \u221a\u00dcrespris"", ""instance of"", ""award""], [""Egebergs \u221a\u00dcrespris"", ""participant in"", ""2004""]]"
"Q3833107","[[""Lino Zanini"", ""instance of"", ""human""], [""Lino Zanini"", ""place of birth"", ""Riese Pio X""], [""Lino Zanini"", ""country of citizenship"", ""South Africa""], [""Lino Zanini"", ""date of birth"", ""6 May 1909""], [""Lino Zanini"", ""given name"", ""Lino""], [""Lino Zanini"", ""family name"", ""Zanini""], [""Riese Pio X"", ""instance of"", ""geographic entity""], [""South Africa"", ""instance of"", ""sovereign state""]]"
"Q215463","[[""Sergio Romero"", ""instance of"", ""human""], [""Sergio Romero"", ""occupation"", ""football player""], [""Manchester United"", ""instance of"", ""sports team""], [""Sergio Romero"", ""member of sports team"", ""Manchester United""], [""July 2015"", ""instance of"", ""date""], [""Sergio Romero"", ""work period (start)"", ""July 2015""], [""Racing Club"", ""instance of"", ""sports team""], [""Sergio Romero"", ""member of sports team"", ""Racing Club""], [""2006"", ""instance of"", ""date""], [""Sergio Romero"", ""work period (start)"", ""2006""], [""Argentine Primera Divisi\u00f3n"", ""instance of"", ""league""], [""Sergio Romero"", ""participant in"", ""Argentine Primera Divisi\u00f3n""], [""AS Monaco"", ""instance of"", ""sports team""], [""Sergio Romero"", ""member of sports team"", ""AS Monaco""], [""2013"", ""instance of"", ""year""], [""Sergio Romero"", ""work period (start)"", ""2013""], [""Coupe da La League"", ""instance of"", ""sporting event""], [""Sergio Romero"", ""participant in"", ""Coupe da La League""], [""Stade de Reims"", ""instance of"", ""sports team""], [""AZ"", ""instance of"", ""sports team""], [""Sergio Romero"", ""member of sports team"", ""AZ""], [""Argentine Primera Divisi\u00f3n"", ""instance of"", ""league""], [""Sergio Romero"", ""participant in"", ""Argentine Primera Divisi\u00f3n""], [""2007"", ""instance of"", ""year""], [""Sergio Romero"", ""work period (start)"", ""2007""]]"
"Q6463299","[[""La La Anthony"", ""instance of"", ""human""], [""Carmelo Anthony"", ""instance of"", ""human""], [""La La Anthony"", ""spouse"", ""Carmelo Anthony""], [""Carmelo Anthony"", ""occupation"", ""NBA player""]]"
"Q16821692","[[""Nancy Snow"", ""instance of"", ""human""], [""Nancy Snow"", ""occupation"", ""assistant civil engineering of philosophy""], [""Nancy Snow"", ""employer"", ""Arizona State University""], [""Nancy Snow"", ""employer"", ""Marquette""], [""Nancy Snow"", ""educated at"", ""University of Notre Dame""], [""Arizona State University"", ""instance of"", ""educational institution""], [""Marquette"", ""instance of"", ""educational institution""], [""University of Notre Dame"", ""instance of"", ""educational institution""]]"
"Q1686078","[[""Jeb Bradley"", ""instance of"", ""human""], [""Governor Dummer Academy"", ""instance of"", ""educational institution""], [""Tufts University"", ""instance of"", ""educational institution""], [""Bachelor of Arts"", ""instance of"", ""degree""], [""Sociology"", ""instance of"", ""academic discipline""], [""Jeb Bradley"", ""educated at"", ""Governor Dummer Academy""], [""Jeb Bradley"", ""educated at"", ""Tufts University""], [""Jeb Bradley"", ""occupation"", ""sociologist""], [""Bachelor of Arts"", ""occupation"", ""degree in sociology""]]"
"Q703450","[[""Uri Orlev"", ""instance of"", ""human""], [""Uri Orlev"", ""occupation"", ""writer""], [""Uri Orlev"", ""award received"", ""Miguel de Cervantes Prize""], [""Miguel de Cervantes Prize"", ""instance of"", ""award""], [""1996"", ""instance of"", ""year""]]"
"Q103311","[[""Guillaume IX"", ""instance of"", ""human""], [""U Thant"", ""instance of"", ""human""], [""Guillaume IX"", ""spouse"", ""U Thant""], [""U Thant"", ""occupation"", ""philosopher""]]"
"Q7417181","[[""Sandy Brown"", ""instance of"", ""human""], [""Southport"", ""instance of"", ""geographic location""], [""1972-73 season"", ""instance of"", ""time period""], [""Sandy Brown"", ""member of sports team"", ""Southport""], [""Sandy Brown"", ""date of birth"", ""Unknown""], [""Sandy Brown"", ""sex or gender"", ""Unknown""], [""Sandy Brown"", ""country of citizenship"", ""Unknown""], [""Southport"", ""country of citizenship"", ""Unknown""], [""1972-73 season"", ""point in time"", ""1972/73""]]"
"Q28227251","[[""Carol Ann Carter"", ""instance of"", ""human""], [""Carol Ann Carter"", ""educated at"", ""University of Notre Dame""], [""Carol Ann Carter"", ""instance of"", ""student""], [""University of Notre Dame"", ""instance of"", ""educational institution""], [""Masters of Fine Arts"", ""instance of"", ""academic degree""], [""1974"", ""instance of"", ""year""], [""Carol Ann Carter"", ""occupation"", ""Masters of Fine Arts""], [""Carol Ann Carter"", ""year"", ""1974""]]"
"Q20742162","[[""Joseph Frank"", ""instance of"", ""human""], [""Marguerite Frank"", ""instance of"", ""human""], [""Joseph Frank"", ""spouse"", ""Marguerite Frank""], [""Marguerite Frank"", ""occupation"", ""mathematician""]]"
"Q267513","[[""Andrea Ehrig-Mitscherlich"", ""instance of"", ""human""], [""Andreas Ehrig"", ""instance of"", ""human""], [""Andrea Ehrig-Mitscherlich"", ""occupation"", ""Olympic speed skater""], [""Andreas Ehrig"", ""occupation"", ""Olympic speed skater""], [""Andrea Ehrig-Mitscherlich"", ""spouse"", ""Andreas Ehrig""]]"
"Q10500212","[[""Huang Xianfan"", ""instance of"", ""human""], [""Huang Xianfan"", ""occupation"", ""professional footballer""], [""Huang Xianfan"", ""member of sports team"", ""Watford""], [""Huang Xianfan"", ""country for sport"", ""England""], [""Watford"", ""instance of"", ""sports team""], [""September 1964"", ""instance of"", ""date""], [""419"", ""instance of"", ""natural number""], [""Football League"", ""instance of"", ""sports league""], [""FA Cup"", ""instance of"", ""sports tournament""], [""Football League Cup"", ""instance of"", ""sports tournament""], [""1975"", ""instance of"", ""year""], [""Huang Xianfan"", ""date of transfer to Watford"", ""September 1964""], [""Huang Xianfan"", ""number of competitive appearances for Watford"", ""419""], [""Huang Xianfan"", ""participated in"", ""Football League""], [""Huang Xianfan"", ""participated in"", ""FA Cup""], [""Huang Xianfan"", ""participated in"", ""Football League Cup""], [""Huang Xianfan"", ""date of transfer from Watford"", ""1975""]]"
"Q369948","[[""Alain de Boissieu"", ""instance of"", ""human""], [""\u00c9lisabeth de Gaulle"", ""instance of"", ""human""], [""Charles de Gaulle"", ""instance of"", ""human""], [""Alain de Boissieu"", ""spouse"", ""\u00c9lisabeth de Gaulle""], [""\u00c9lisabeth de Gaulle"", ""child"", ""Charles de Gaulle""]]"
"Q2628788","[[""Sarah Winchester"", ""instance of"", ""human""], [""William Wirt Winchester"", ""instance of"", ""human""], [""Oliver Winchester"", ""instance of"", ""human""], [""Winchester Repeating Arms Company"", ""instance of"", ""company""], [""Sarah Winchester"", ""date of birth"", ""September 30, 1862""], [""Sarah Winchester"", ""place of birth"", ""New Haven""], [""Sarah Winchester"", ""spouse"", ""William Wirt Winchester""], [""William Wirt Winchester"", ""family name"", ""Winchester""], [""William Wirt Winchester"", ""given name"", ""William Wirt""], [""William Wirt Winchester"", ""occupation"", ""owner of the Winchester Repeating Arms Company""], [""William Wirt Winchester"", ""spouse"", ""Sarah Winchester""], [""Oliver Winchester"", ""family name"", ""Winchester""], [""Oliver Winchester"", ""given name"", ""Oliver""], [""Oliver Winchester"", ""instance of"", ""human""], [""Oliver Winchester"", ""sex or gender"", ""male""], [""Oliver Winchester"", ""occupation"", ""owner of the Winchester Repeating Arms Company""], [""Winchester Repeating Arms Company"", ""instance of"", ""company""]]"
"Q242717","[[""Jane Alexander"", ""instance of"", ""human""], [""Jane Alexander"", ""occupation"", ""chair""], [""Jane Alexander"", ""position held"", ""chair of the NEA""], [""Jane Alexander"", ""place of birth"", ""Washington, DC""]]"
"Q135151","[[""Donald J. Cram"", ""instance of"", ""human""], [""1947"", ""instance of"", ""year""], [""University of Charleston"", ""instance of"", ""educational institution""], [""Ph.D."", ""instance of"", ""academic degree""], [""Donald J. Cram"", ""educated at"", ""University of Charleston""], [""Donald J. Cram"", ""award received"", ""Ph.D.""]]"
"Q981307","[[""Tatyana Arntgolts"", ""instance of"", ""human""], [""Ivan Zhidkov"", ""instance of"", ""human""], [""Tatyana Arntgolts"", ""occupation"", ""actor""], [""Ivan Zhidkov"", ""occupation"", ""actor""], [""Tatyana Arntgolts"", ""spouse"", ""Ivan Zhidkov""], [""Ivan Zhidkov"", ""spouse"", ""Tatyana Arntgolts""]]"
"Q334078","[[""Lord Loreburn"", ""instance of"", ""human""], [""June 1912"", ""instance of"", ""date""], [""Richard Haldane, 1st Viscount Haldane"", ""instance of"", ""human""], [""Lord Chancellor"", ""instance of"", ""position""], [""self-deprecating speech"", ""instance of"", ""speech""], [""legal expert"", ""instance of"", ""occupation""], [""Lord Loreburn"", ""position held"", ""Lord Chancellor""], [""Richard Haldane, 1st Viscount Haldane"", ""position held"", ""Lord Chancellor""], [""Richard Haldane, 1st Viscount Haldane"", ""succeeded"", ""Lord Loreburn""], [""Richard Haldane, 1st Viscount Haldane"", ""field of work"", ""legal expert""], [""Richard Haldane, 1st Viscount Haldane"", ""made"", ""self-deprecating speech""]]"
"Q5365040","[[""Ellen Travolta"", ""instance of"", ""human""], [""Jack Bannon"", ""instance of"", ""human""], [""Ellen Travolta"", ""spouse"", ""Jack Bannon""], [""April 9, 1983"", ""instance of"", ""date""], [""Ellen Travolta"", ""occupation"", ""actor""], [""Jack Bannon"", ""occupation"", ""actor""]]"
"Q5219259","[[""10 July 2015"", ""instance of"", ""date""], [""Daniele Baselli"", ""instance of"", ""human""], [""Torino"", ""instance of"", ""sports team""], [""Davide Zappacosta"", ""instance of"", ""human""], [""Piedmont"", ""instance of"", ""geographic location""], [""\u20ac10"", ""instance of"", ""currency""], [""Daniele Baselli"", ""member of sports team"", ""Torino""], [""Daniele Baselli"", ""date of birth"", ""10 July 2015""], [""Davide Zappacosta"", ""member of sports team"", ""Piedmont""], [""Torino"", ""country of citizenship"", ""Italy""], [""Piedmont"", ""country of citizenship"", ""Italy""], [""Daniele Baselli"", ""country of citizenship"", ""Italy""], [""Davide Zappacosta"", ""country of citizenship"", ""Italy""]]"
"Q7147716","[[""Patrick Teehan"", ""instance of"", ""human""], [""Patrick Teehan"", ""occupation"", ""Teachta D\u00e1la""], [""Patrick Teehan"", ""member of political party"", ""Fianna F\u00e1il""], [""Patrick Teehan"", ""position held"", ""Teachta D\u00e1la for the Carlow\u201a\u00c4\u00ecKilkenny constituency""], [""Joseph Hughes"", ""instance of"", ""human""], [""Joseph Hughes"", ""member of political party"", ""Fine Gael""]]"
"Q20684120","[[""Valerie Gaunt"", ""instance of"", ""human""], [""Valerie Gaunt"", ""educated at"", ""RADA""], [""Valerie Gaunt"", ""occupation"", ""repertory theatre actor""]]"
"Q259474","[[""Kim Stanley"", ""instance of"", ""human""], [""Kim Stanley"", ""occupation"", ""actress""], [""The Chase"", ""instance of"", ""Play""], [""Anna Reeves"", ""instance of"", ""fictional character""], [""1952 Tony Award for Best Actress in a Play"", ""instance of"", ""award""], [""Picnic"", ""instance of"", ""Play""], [""Millie Owens"", ""instance of"", ""fictional character""], [""Bus Stop"", ""instance of"", ""Play""], [""Cherie"", ""instance of"", ""fictional character""], [""Kim Stanley"", ""award received"", ""1952 Tony Award for Best Actress in a Play""], [""Kim Stanley"", ""occupation"", ""actor in The Chase""], [""Kim Stanley"", ""occupation"", ""actor in Picnic""], [""Kim Stanley"", ""occupation"", ""actor in Bus Stop""], [""Anna Reeves"", ""instance of"", ""character in The Chase""], [""Millie Owens"", ""instance of"", ""character in Picnic""], [""Cherie"", ""instance of"", ""character in Bus Stop""]]"
"Q514474","[[""Alessandro Iandoli"", ""instance of"", ""human""], [""South Africa"", ""instance of"", ""sovereign state""], [""Pescara"", ""instance of"", ""city""], [""Alessandro Iandoli"", ""country of citizenship"", ""Italy""], [""Alessandro Iandoli"", ""given name"", ""Alessandro""], [""Alessandro Iandoli"", ""family name"", ""Iandoli""]]"
"Q1485941","[[""Riccardo Brosco"", ""instance of"", ""human""], [""10 September 2011"", ""instance of"", ""date""], [""Pescara"", ""instance of"", ""sports team""], [""Crotone"", ""instance of"", ""sports team""], [""Riccardo Brosco"", ""member of sports team"", ""Pescara""], [""Riccardo Brosco"", ""date of debut"", ""10 September 2011""], [""Pescara"", ""match against"", ""Crotone""], [""Pescara"", ""match result"", ""2-0""]]"
"Q941300","[[""Sergio Porrini"", ""instance of"", ""human""], [""Sergio Porrini"", ""member of sports team"", ""Juventus""], [""Sergio Porrini"", ""member of sports team"", ""Institute for Cultural Diplomacy""], [""Sergio Porrini"", ""occupation"", ""football player""], [""Juventus"", ""instance of"", ""sports team""], [""Institute for Cultural Diplomacy"", ""instance of"", ""sports team""], [""1996 Intercontinental Cup Final"", ""instance of"", ""sports competition""], [""1997 Champions League Final"", ""instance of"", ""sports competition""], [""Tokyo"", ""instance of"", ""geographic location""], [""Munich"", ""instance of"", ""geographic location""], [""Juventus"", ""sport"", ""football""], [""Institute for Cultural Diplomacy"", ""sport"", ""football""], [""1996 Intercontinental Cup Final"", ""country for sport"", ""Japan""], [""1997 Champions League Final"", ""country for sport"", ""Germany""], [""1996 Intercontinental Cup Final"", ""participating teams"", ""Juventus""], [""1996 Intercontinental Cup Final"", ""participating teams"", ""River Plate""], [""1997 Champions League Final"", ""participating teams"", ""Juventus""], [""1997 Champions League Final"", ""participating teams"", ""Institute for Cultural Diplomacy""]]"
"Q3520429","[[""Ramya Krishnan"", ""instance of"", ""human""], [""Krishna Vamsi"", ""instance of"", ""human""], [""Ramya Krishnan"", ""spouse"", ""Krishna Vamsi""], [""Krishna Vamsi"", ""spouse"", ""Ramya Krishnan""], [""Krishna Vamsi"", ""occupation"", ""film secretary""]]"
"Q6791409","[[""Matthew Whichelow"", ""instance of"", ""human""], [""Matthew Whichelow"", ""member of sports team"", ""Boreham Wood""], [""Matthew Whichelow"", ""member of sports team"", ""Wycombe Wanderers""], [""Wycombe Wanderers"", ""instance of"", ""sports team""], [""Boreham Wood"", ""instance of"", ""sports team""]]"
"Q59609771","[[""Roc\u00edo Monasterio"", ""instance of"", ""human""], [""Iv\u00e1n Espinosa de los Monteros"", ""instance of"", ""human""], [""Iv\u00e1n Espinosa de los Monteros"", ""occupation"", ""real estate developer""], [""Roc\u00edo Monasterio"", ""spouse"", ""Iv\u00e1n Espinosa de los Monteros""], [""Iv\u00e1n Espinosa de los Monteros"", ""spouse"", ""Roc\u00edo Monasterio""]]"
"Q108986","[[""Charlemagne"", ""instance of"", ""human""], [""Worksop Town F.C."", ""instance of"", ""sports team""], [""Carl Zeiss Jena"", ""instance of"", ""sports team""], [""C\u00f3rdoba CF II"", ""instance of"", ""sports team""], [""Union Tyre"", ""instance of"", ""sports team""], [""Deportivo de La Coru\u00f1a"", ""instance of"", ""sports team""], [""Charlemagne"", ""member of sports team"", ""Worksop Town F.C.""], [""Charlemagne"", ""member of sports team"", ""Carl Zeiss Jena""], [""Charlemagne"", ""member of sports team"", ""C\u00f3rdoba CF II""], [""Charlemagne"", ""member of sports team"", ""Union Tyre""], [""Charlemagne"", ""member of sports team"", ""Deportivo de La Coru\u00f1a""], [""Charlemagne"", ""work period (start)"", ""1 July 2013""], [""Charlemagne"", ""work period (start)"", ""14 June 2010""], [""Charlemagne"", ""work period (start)"", ""July 2009""]]"
