subject,triples
"Q353935","[[""Edward R. Murrow"", ""instance of"", ""human""], [""Janet Huntington Brewster"", ""instance of"", ""human""], [""March 12, 1935"", ""instance of"", ""date""], [""Edward R. Murrow"", ""spouse"", ""Janet Huntington Brewster""], [""Edward R. Murrow"", ""date of marriage"", ""March 12, 1935""]]"
"Q9353","[[""John Locke"", ""instance of"", ""person""], [""Christ Church, Oxford"", ""instance of"", ""educational institution""], [""Westminster School"", ""instance of"", ""educational institution""], [""Alexander Popham"", ""instance of"", ""person""], [""Autumn of 1652"", ""instance of"", ""time period""], [""1647"", ""instance of"", ""time period""], [""London"", ""instance of"", ""city""], [""Parliament"", ""instance of"", ""government organization""], [""John Locke"", ""educated at"", ""Christ Church, Oxford""], [""John Locke"", ""educated at"", ""Westminster School""], [""John Locke"", ""member of"", ""Parliament""], [""Alexander Popham"", ""employer"", ""John Locke""]]"
"Q241735","[[""Robert Noyce"", ""instance of"", ""human""], [""The Franklin Institute's Stuart Ballantine Medal"", ""instance of"", ""award""], [""1966"", ""instance of"", ""year""], [""November 27, 1974"", ""instance of"", ""date""], [""Ann Schmeltz Bowers"", ""instance of"", ""human""], [""Robert Noyce"", ""award received"", ""The Franklin Institute's Stuart Ballantine Medal""], [""Robert Noyce"", ""spouse"", ""Ann Schmeltz Bowers""]]"
"Q41172017","[[""Barbara Perkins Gamow"", ""instance of"", ""human""], [""George Gamow"", ""instance of"", ""human""], [""1958"", ""instance of"", ""point in time""], [""Barbara Perkins Gamow"", ""spouse"", ""George Gamow""], [""George Gamow"", ""spouse"", ""Barbara Perkins Gamow""], [""Barbara Perkins Gamow"", ""instance of"", ""human""], [""George Gamow"", ""instance of"", ""human""], [""1958"", ""instance of"", ""point in time""], [""Barbara Perkins Gamow"", ""spouse"", ""George Gamow""], [""George Gamow"", ""spouse"", ""Barbara Perkins Gamow""]]"
"Q696028","[[""Joseph Daul"", ""instance of"", ""human""], [""Wilfried Martens"", ""instance of"", ""human""], [""European People's Party"", ""instance of"", ""political party""], [""EPP Group in the European Parliament"", ""instance of"", ""political faction""], [""Joseph Daul"", ""position held"", ""president of the European People's Party""], [""Joseph Daul"", ""position held"", ""chairman of the EPP Group in the European Parliament""], [""Joseph Daul"", ""member of political party"", ""European People's Party""]]"
"Q491097","[[""Kees Verkerk"", ""instance of"", ""human""], [""Kees Verkerk"", ""award received"", ""Oscar Mathisen Award""], [""Oscar Mathisen Award"", ""instance of"", ""award""], [""Oscar Mathisen Award"", ""instance of"", ""title of honor""], [""Oscar Mathisen Award"", ""instance of"", ""recognition""], [""Oscar Mathisen Award"", ""instance of"", ""award ceremony""], [""1966"", ""instance of"", ""year""], [""1967"", ""instance of"", ""year""]]"
"Q44285979","[[""Ursula Gibson"", ""instance of"", ""human""], [""1990"", ""instance of"", ""year""], [""Thayer School of Engineering"", ""instance of"", ""educational institution""], [""Dartmouth College"", ""instance of"", ""educational institution""], [""Norwegian University of Science and Technology (NTNU)"", ""instance of"", ""educational institution""], [""Ursula Gibson"", ""occupation"", ""faculty""], [""Ursula Gibson"", ""educated at"", ""Thayer School of Engineering""], [""Ursula Gibson"", ""educated at"", ""Norwegian University of Science and Technology (NTNU)""], [""Ursula Gibson"", ""employer"", ""Thayer School of Engineering""], [""Ursula Gibson"", ""employer"", ""Norwegian University of Science and Technology (NTNU)""]]"
"Q5094180","[[""Chetna Gala Sinha"", ""instance of"", ""human""], [""Chetna Gala Sinha"", ""place of birth"", ""Mumbai""], [""Commerce and Economics at Mumbai University in 1982"", ""instance of"", ""education program""], [""Chetna Gala Sinha"", ""educated at"", ""Commerce and Economics at Mumbai University in 1982""], [""Mumbai University"", ""instance of"", ""educational institution""], [""Chetna Gala Sinha"", ""educated at"", ""Mumbai University""]]"
"Q36740","[[""Aung San Suu Kyi"", ""instance of"", ""human""], [""Aung San Suu Kyi"", ""educated at"", ""University of Delhi""], [""Aung San Suu Kyi"", ""educated at"", ""University of Oxford""], [""Aung San Suu Kyi"", ""employer"", ""United Nations""], [""Aung San Suu Kyi"", ""occupation"", ""politician""], [""Aung San Suu Kyi"", ""member of political party"", ""National League for Democracy""], [""Aung San Suu Kyi"", ""place of birth"", ""Burma""], [""Alexander Aris"", ""instance of"", ""human""], [""Alexander Aris"", ""sex or gender"", ""male""], [""Alexander Aris"", ""mother"", ""Aung San Suu Kyi""], [""Alexander Aris"", ""place of birth"", ""London""], [""Kim"", ""instance of"", ""human""], [""Kim"", ""sex or gender"", ""male""], [""Kim"", ""mother"", ""Aung San Suu Kyi""], [""Kim"", ""place of birth"", ""not specified""], [""University of Delhi"", ""instance of"", ""educational institution""], [""University of Oxford"", ""instance of"", ""educational institution""], [""United Nations"", ""instance of"", ""international organization""], [""National League for Democracy"", ""instance of"", ""political party""], [""Mahatma Gandhi"", ""instance of"", ""human""]]"
"Q308154","[[""Abdi \u0192\u221epek\u221a\u00dfi"", ""instance of"", ""human""], [""Galatasaray High School"", ""instance of"", ""educational institution""], [""1948"", ""instance of"", ""date""], [""Istanbul University"", ""instance of"", ""educational institution""], [""Abdi \u0192\u221epek\u221a\u00dfi"", ""educated at"", ""Galatasaray High School""], [""Abdi \u0192\u221epek\u221a\u00dfi"", ""educated at"", ""Istanbul University""]]"
"Q186492","[[""George S. Patton"", ""instance of"", ""human""], [""Beatrice Banning Ayer"", ""instance of"", ""human""], [""Frederick Ayer"", ""instance of"", ""human""], [""Beverly Farms, Massachusetts"", ""instance of"", ""geographic entity""], [""Boston"", ""instance of"", ""geographic entity""], [""George S. Patton"", ""spouse"", ""Beatrice Banning Ayer""], [""Beatrice Banning Ayer"", ""father"", ""Frederick Ayer""], [""Beatrice Banning Ayer"", ""place of birth"", ""Boston""], [""George S. Patton"", ""marriage"", ""May 26, 1910""], [""George S. Patton"", ""marriage location"", ""Beverly Farms, Massachusetts""]]"
"Q336018","[[""28 April 1990"", ""instance of"", ""date""], [""Julian Fellowes"", ""instance of"", ""human""], [""Emma Joy Kitchener"", ""instance of"", ""human""], [""1963"", ""instance of"", ""year""], [""Lady-in-Waiting"", ""instance of"", ""occupation""], [""Princess Michael of Kent"", ""instance of"", ""human""], [""Julian Fellowes"", ""spouse"", ""Emma Joy Kitchener""], [""Emma Joy Kitchener"", ""occupation"", ""Lady-in-Waiting""], [""Emma Joy Kitchener"", ""date of birth"", ""1963""], [""Emma Joy Kitchener"", ""position held"", ""Lady-in-Waiting to Princess Michael of Kent""]]"
"Q7417611","[[""Sanford Bookstaver"", ""instance of"", ""human""], [""Rena Sofer"", ""instance of"", ""human""], [""Rena Sofer"", ""instance of"", ""actress""], [""Sanford Bookstaver"", ""spouse"", ""Rena Sofer""], [""Rena Sofer"", ""spouse"", ""Sanford Bookstaver""]]"
"Q128560","[[""Graham Greene"", ""instance of"", ""person""], [""The Power and the Glory"", ""instance of"", ""book""], [""The Heart of the Matter"", ""instance of"", ""book""], [""1941 Hawthornden Prize"", ""instance of"", ""award""], [""1948 James Tait Black Memorial Prize"", ""instance of"", ""award""], [""Graham Greene"", ""award received"", ""1941 Hawthornden Prize""], [""Graham Greene"", ""award received"", ""1948 James Tait Black Memorial Prize""], [""1941 Hawthornden Prize"", ""award received by"", ""The Power and the Glory""], [""1948 James Tait Black Memorial Prize"", ""award received by"", ""The Heart of the Matter""]]"
"Q438684","[[""Jes\u00fas D\u00e1tolo (Dios)"", ""instance of"", ""human""], [""Atl\u00e9tico Mineiro"", ""instance of"", ""sports team""], [""Jes\u00fas D\u00e1tolo (Dios)"", ""member of sports team"", ""Atl\u00e9tico Mineiro""]]"
"Q240082","[[""Seohyun"", ""instance of"", ""human""], [""Seohyun"", ""occupation"", ""theatre acting""], [""Seohyun"", ""educated at"", ""Dongguk University""], [""August 2014"", ""instance of"", ""time""], [""Achievement award at the graduation ceremony"", ""instance of"", ""award""], [""Seohyun"", ""received"", ""Achievement award at the graduation ceremony""]]"
"Q3300528","[[""Maurice Calka"", ""instance of"", ""human""], [""Grand Prix de Rome"", ""instance of"", ""award""], [""Maurice Calka"", ""award received"", ""Grand Prix de Rome""]]"
"Q378672","[[""Jerry O\\'Connell"", ""instance of"", ""human""], [""Rebecca Romijn"", ""instance of"", ""human""], [""Rebecca Romijn"", ""instance of"", ""actress""], [""Rebecca Romijn"", ""instance of"", ""former model""], [""Jerry O\\'Connell"", ""instance of"", ""actor""], [""Jerry O\\'Connell"", ""occupation"", ""Detective Woody Hoyt""], [""Crossing Jordan"", ""instance of"", ""NBC crime drama""], [""Jerry O\\'Connell"", ""spouse"", ""Rebecca Romijn""], [""Rebecca Romijn"", ""spouse"", ""Jerry O\\'Connell""], [""Jerry O\\'Connell"", ""country of citizenship"", ""United States""], [""Rebecca Romijn"", ""country of citizenship"", ""United States""]]"
"Q186492","[[""George S. Patton"", ""instance of"", ""human""], [""Beatrice Banning Ayer"", ""instance of"", ""human""], [""Frederick Ayer"", ""instance of"", ""human""], [""Boston"", ""instance of"", ""geographic entity""], [""Beverly Farms"", ""instance of"", ""geographic entity""], [""Massachusetts"", ""instance of"", ""geographic entity""], [""George S. Patton"", ""spouse"", ""Beatrice Banning Ayer""], [""Beatrice Banning Ayer"", ""father"", ""Frederick Ayer""], [""Frederick Ayer"", ""child"", ""Beatrice Banning Ayer""], [""George S. Patton"", ""place of birth"", ""Beverly Farms""], [""Beatrice Banning Ayer"", ""place of birth"", ""Boston""], [""Frederick Ayer"", ""place of birth"", ""Boston""]]"
"Q336018","[[""28 April 1990"", ""instance of"", ""date""], [""Julian Fellowes"", ""instance of"", ""human""], [""Emma Joy Kitchener"", ""instance of"", ""human""], [""1963"", ""instance of"", ""year""], [""Lady-in-Waiting"", ""instance of"", ""occupation""], [""Princess Michael of Kent"", ""instance of"", ""human""], [""Julian Fellowes"", ""spouse"", ""Emma Joy Kitchener""], [""Emma Joy Kitchener"", ""occupation"", ""Lady-in-Waiting""], [""Emma Joy Kitchener"", ""date of birth"", ""1963""]]"
"Q7417611","[[""Sanford Bookstaver"", ""instance of"", ""human""], [""Rena Sofer"", ""instance of"", ""human""], [""Rena Sofer"", ""instance of"", ""actress""], [""Sanford Bookstaver"", ""spouse"", ""Rena Sofer""], [""Rena Sofer"", ""spouse"", ""Sanford Bookstaver""]]"
"Q128560","[[""Graham Greene"", ""instance of"", ""person""], [""The Power and the Glory"", ""instance of"", ""book""], [""The Heart of the Matter"", ""instance of"", ""book""], [""1941 Hawthornden Prize"", ""instance of"", ""award""], [""1948 James Tait Black Memorial Prize"", ""instance of"", ""award""], [""Graham Greene"", ""award received"", ""1941 Hawthornden Prize""], [""Graham Greene"", ""award received"", ""1948 James Tait Black Memorial Prize""], [""The Power and the Glory"", ""notable work"", ""Graham Greene""], [""The Heart of the Matter"", ""notable work"", ""Graham Greene""]]"
"Q438684","[[""Jes\u00fas D\u00e1tolo"", ""instance of"", ""human""], [""Atl\u00e9tico Mineiro"", ""instance of"", ""sports team""], [""Jes\u00fas D\u00e1tolo"", ""member of sports team"", ""Atl\u00e9tico Mineiro""], [""Jes\u00fas D\u00e1tolo"", ""work period (start)"", ""9 August 2013""]]"
"Q240082","[[""Seohyun"", ""instance of"", ""person""], [""Theatre acting"", ""instance of"", ""occupation""], [""Dongguk University"", ""instance of"", ""educational institution""], [""Achievement award"", ""instance of"", ""award""], [""Graduation ceremony"", ""instance of"", ""ceremony""], [""Seohyun"", ""educated at"", ""Dongguk University""], [""Seohyun"", ""occupation"", ""Theatre acting""], [""Seohyun"", ""award received"", ""Achievement award""]]"
"Q3300528","[[""Maurice Calka"", ""instance of"", ""person""], [""The Grand Prix de Rome"", ""instance of"", ""award""], [""Maurice Calka"", ""award received"", ""The Grand Prix de Rome""], [""Maurice Calka"", ""instance of"", ""person""], [""The Grand Prix de Rome"", ""instance of"", ""award""], [""Maurice Calka"", ""award received"", ""The Grand Prix de Rome""]]"
"Q513789","[[""Sandy Adams"", ""instance of"", ""human""], [""Sandy Adams"", ""educated at"", ""Columbia College""], [""Sandy Adams"", ""academic degree"", ""Bachelor of Arts""], [""Criminal Justice Administration"", ""instance of"", ""occupation""], [""Sandy Adams"", ""occupation"", ""Criminal Justice Administration""], [""2000"", ""instance of"", ""year""], [""Sandy Adams"", ""graduated in"", ""2000""], [""Sandy Adams"", ""graduated in"", ""2000""]]"
"Q20857991","[[""Director-General Peter Stuyvesant"", ""instance of"", ""human""], [""Andries Hudde"", ""instance of"", ""human""], [""New Amstel colony"", ""instance of"", ""administrative territorial entity""], [""the Swedes"", ""instance of"", ""group of humans""], [""Director-General Peter Stuyvesant"", ""occupation"", ""Director-General""], [""Director-General Peter Stuyvesant"", ""employer"", ""New Amstel colony""], [""Andries Hudde"", ""employer"", ""New Amstel colony""], [""Andries Hudde"", ""residence"", ""Delaware Valley""], [""Andries Hudde"", ""position held"", ""offices in New Amstel colony""]]"
"Q378672","[[""Jerry O'Connell"", ""instance of"", ""human""], [""Rebecca Romijn"", ""instance of"", ""human""], [""Jerry O'Connell"", ""occupation"", ""actor""], [""Detective Woody Hoyt"", ""instance of"", ""fictional character""], [""Crossing Jordan"", ""instance of"", ""television series""], [""NBC"", ""instance of"", ""TV network""], [""Jerry O'Connell"", ""spouse"", ""Rebecca Romijn""]]"
"Q3200891","[[""Kyaw Thu"", ""instance of"", ""human""], [""Ramon Magsaysay Award"", ""instance of"", ""award""], [""2015"", ""instance of"", ""year""], [""Kyaw Thu"", ""award received"", ""Ramon Magsaysay Award""], [""Kyaw Thu"", ""award received"", ""2015""]]"
"Q13515794","[[""Nirmal Prabha Bordoloi"", ""instance of"", ""human""], [""Sahitya Akademi Award"", ""instance of"", ""award""], [""Sudirgha Din Aru Ritu"", ""instance of"", ""book""], [""President award"", ""instance of"", ""award""], [""Asam Sahitya Sabha award"", ""instance of"", ""award""], [""Dinar Pisat Din"", ""instance of"", ""book""], [""Debi"", ""instance of"", ""book""], [""Nirmal Prabha Bordoloi"", ""award received"", ""Sahitya Akademi Award""], [""Nirmal Prabha Bordoloi"", ""award received"", ""President award""], [""Nirmal Prabha Bordoloi"", ""award received"", ""Asam Sahitya Sabha award""], [""Sudirgha Din Aru Ritu"", ""award received"", ""Sahitya Akademi Award""], [""Dinar Pisat Din"", ""award received"", ""Asam Sahitya Sabha award""], [""Debi"", ""award received"", ""Asam Sahitya Sabha award""]]"
"Q11762615","[[""Lorna Heilbron"", ""instance of"", ""human""], [""Nicholas Clay"", ""instance of"", ""human""], [""Lorna Heilbron"", ""spouse"", ""Nicholas Clay""], [""Nicholas Clay"", ""spouse"", ""Lorna Heilbron""], [""Lorna Heilbron"", ""occupation"", ""actor""], [""Nicholas Clay"", ""occupation"", ""actor""]]"
"Q2711003","[[""Terry Phelan"", ""instance of"", ""human""], [""October 2005"", ""instance of"", ""date""], [""Otago United"", ""instance of"", ""sports team""], [""New Zealand Football Championship"", ""instance of"", ""sport""], [""Terry Phelan"", ""occupation"", ""player-coach""], [""Terry Phelan"", ""member of sports team"", ""Otago United""], [""Otago United"", ""participant in"", ""New Zealand Football Championship""]]"
"Q356072","[[""Jay DeMerit"", ""instance of"", ""human""], [""Southall"", ""instance of"", ""sports team""], [""Northwood"", ""instance of"", ""sports team""], [""Watford"", ""instance of"", ""sports team""], [""Championship"", ""instance of"", ""sports organization""], [""Jay DeMerit"", ""occupation"", ""professional footballer""], [""Jay DeMerit"", ""member of sports team"", ""Southall""], [""Jay DeMerit"", ""member of sports team"", ""Northwood""], [""Jay DeMerit"", ""member of sports team"", ""Watford""], [""Watford"", ""league"", ""Championship""]]"
"Q7123502","[[""Paddy Keaveney"", ""instance of"", ""human""], [""20th D\u00e1il"", ""instance of"", ""political territorial entity""], [""TD"", ""instance of"", ""profession""], [""Donegal North-East"", ""instance of"", ""administrative territorial entity""], [""Fianna F\u00e1il"", ""instance of"", ""political party""], [""Liam Cunningham"", ""instance of"", ""human""], [""Paddy Keaveney"", ""position held"", ""TD""], [""Paddy Keaveney"", ""member of political party"", ""Fianna F\u00e1il""], [""Paddy Keaveney"", ""country of citizenship"", ""Ireland""], [""Liam Cunningham"", ""position held"", ""TD""], [""Liam Cunningham"", ""member of political party"", ""Fianna F\u00e1il""], [""Liam Cunningham"", ""country of citizenship"", ""Ireland""]]"
"Q2643","[[""George Harrison"", ""instance of"", ""human""], [""Dark Horse Records"", ""instance of"", ""organization""], [""Olivia Trinidad Arias"", ""instance of"", ""human""], [""2 September 1978"", ""instance of"", ""date""], [""George Harrison"", ""occupation"", ""Dark Horse Records""], [""George Harrison"", ""spouse"", ""Olivia Trinidad Arias""], [""Olivia Trinidad Arias"", ""occupation"", ""secretary""], [""George Harrison"", ""date of marriage"", ""2 September 1978""]]"
"Q967859","[[""Juan Carlos Lorenzo"", ""instance of"", ""human""], [""Chacarita Juniors"", ""instance of"", ""sports team""], [""Juan Carlos Lorenzo"", ""member of sports team"", ""Chacarita Juniors""], [""Juan Carlos Lorenzo"", ""date of professional debut"", ""1940""]]"
"Q5220943","[[""Danny Williamson"", ""instance of"", ""human""], [""Danny Williamson"", ""occupation"", ""professional footballer""], [""Newham and Essex Schoolboys"", ""instance of"", ""sports team""], [""West Ham"", ""instance of"", ""sports team""], [""Everton"", ""instance of"", ""sports team""], [""Danny Williamson"", ""member of sports team"", ""Newham and Essex Schoolboys""], [""Danny Williamson"", ""member of sports team"", ""West Ham""], [""Danny Williamson"", ""member of sports team"", ""Everton""], [""September 2000"", ""instance of"", ""date""], [""Danny Williamson"", ""end of playing career"", ""September 2000""]]"
"Q6781673","[[""Maryon Pearson"", ""instance of"", ""human""], [""Lester Pearson"", ""instance of"", ""human""], [""August 22, 1925"", ""instance of"", ""date""], [""Maryon Pearson"", ""spouse"", ""Lester Pearson""], [""Lester Pearson"", ""spouse"", ""Maryon Pearson""]]"
"Q21002936","[[""Jerome Guillen"", ""instance of"", ""human""], [""November 2010"", ""instance of"", ""date""], [""Tesla Motors"", ""instance of"", ""company""], [""Daimler"", ""instance of"", ""company""], [""car2go"", ""instance of"", ""service""], [""Jerome Guillen"", ""work period (start)"", ""November 2010""], [""Jerome Guillen"", ""employer"", ""Tesla Motors""], [""Jerome Guillen"", ""employer"", ""Daimler""], [""Guillen"", ""launched"", ""car2go""]]"
"Q3052249","[[""February 1, 1860"", ""instance of"", ""date""], [""Caroline Ingalls"", ""instance of"", ""human""], [""Charles Phillip Ingalls"", ""instance of"", ""human""], [""Caroline Ingalls"", ""spouse"", ""Charles Phillip Ingalls""]]"
"Q2055422","[[""David L\u00f6fquist"", ""instance of"", ""human""], [""31 August 2012"", ""instance of"", ""date""], [""Allsvenskan"", ""instance of"", ""sports league""], [""Malm\u00f6 FF"", ""instance of"", ""sports team""], [""2012 season"", ""instance of"", ""sports season""], [""David L\u00f6fquist"", ""occupation"", ""football player""], [""David L\u00f6fquist"", ""member of sports team"", ""Malm\u00f6 FF""]]"
"Q63975077","[[""Anna Chahoud"", ""instance of"", ""human""], [""Trinity College Dublin"", ""instance of"", ""educational institution""], [""2006"", ""instance of"", ""year""], [""Anna Chahoud"", ""employer"", ""Trinity College Dublin""]]"
"Q193346","[[""Henning Mankell"", ""instance of"", ""human""], [""Eva Bergman"", ""instance of"", ""human""], [""Ingmar Bergman"", ""instance of"", ""human""], [""Henning Mankell"", ""spouse"", ""Eva Bergman""], [""Eva Bergman"", ""spouse"", ""Henning Mankell""], [""Ingmar Bergman"", ""child"", ""Eva Bergman""], [""Eva Bergman"", ""father"", ""Ingmar Bergman""]]"
"Q554001","[[""Salih U\u221a\u00dfan"", ""instance of"", ""human""], [""Roma"", ""instance of"", ""sports team""], [""Chievo"", ""instance of"", ""sports team""], [""3\u201a\u00c4\u00ec0 victory against Chievo"", ""instance of"", ""sport event""], [""18 October 2014"", ""instance of"", ""date""], [""Salih U\u221a\u00dfan"", ""member of sports team"", ""Roma""], [""Salih U\u221a\u00dfan"", ""work period (start)"", ""18 October 2014""], [""Roma"", ""sport number"", ""3\u201a\u00c4\u00ec0 victory against Chievo""]]"
"Q354125","[[""William Manchester"", ""instance of"", ""human""], [""Indian Hill Cemetery"", ""instance of"", ""cemetery""], [""Middletown"", ""instance of"", ""city""], [""Connecticut"", ""instance of"", ""state""], [""William Manchester"", ""date of death"", ""June 1, 2004""], [""William Manchester"", ""place of burial"", ""Indian Hill Cemetery""], [""Indian Hill Cemetery"", ""location"", ""Middletown""], [""Middletown"", ""part of"", ""Connecticut""]]"
"Q4766683","[[""Ann Stanford"", ""instance of"", ""human""], [""Stanford University"", ""instance of"", ""educational institution""], [""University of California, Los Angeles"", ""instance of"", ""educational institution""], [""Phi Beta Kappa"", ""instance of"", ""honor society""], [""Ann Stanford"", ""educated at"", ""Stanford University""], [""Ann Stanford"", ""educated at"", ""University of California, Los Angeles""], [""Ann Stanford"", ""member of"", ""Phi Beta Kappa""]]"
"Q531302","[[""Francesco Acerbi"", ""instance of"", ""human""], [""Chievo Verona"", ""instance of"", ""sports team""], [""Sassuolo"", ""instance of"", ""sports team""], [""Serie A"", ""instance of"", ""sports competition""], [""2011"", ""instance of"", ""year""], [""2013"", ""instance of"", ""year""], [""Francesco Acerbi"", ""member of sports team"", ""Chievo Verona""], [""Francesco Acerbi"", ""participant in"", ""Serie A""], [""Francesco Acerbi"", ""member of sports team"", ""Sassuolo""]]"
"Q6283038","[[""Joseph Farrell"", ""instance of"", ""human""], [""Joseph Farrell"", ""family name"", ""Farrell""], [""Joseph Farrell"", ""given name"", ""Joseph""], [""Joseph Farrell"", ""member of political party"", ""Fianna F\u00e1il""], [""Joseph Farrell"", ""occupation"", ""Teachta D\u00e1la""], [""Joseph Farrell"", ""position held"", ""Teachta D\u00e1la for the Louth constituency""], [""Joseph Farrell"", ""country of citizenship"", ""Ireland""], [""1973 general election"", ""instance of"", ""election""], [""1977 general election"", ""instance of"", ""election""], [""Louth constituency"", ""instance of"", ""electoral district""], [""Fianna F\u00e1il"", ""instance of"", ""political party""], [""Teachta D\u00e1la"", ""instance of"", ""position""], [""Ireland"", ""instance of"", ""country""]]"
"Q16116500","[[""Marilyn Renfree"", ""instance of"", ""human""], [""Gold Conservation Medal of the Zoological Society of San Diego for 2000"", ""instance of"", ""award""], [""Commonwealth of Australia Centenary Medal in 2003"", ""instance of"", ""award""], [""Officer of the Order of Australia (AO) in 2013"", ""instance of"", ""award""], [""Marilyn Renfree"", ""award received"", ""Gold Conservation Medal of the Zoological Society of San Diego for 2000""], [""Marilyn Renfree"", ""award received"", ""Commonwealth of Australia Centenary Medal in 2003""], [""Marilyn Renfree"", ""award received"", ""Officer of the Order of Australia (AO) in 2013""], [""Marilyn Renfree"", ""occupation"", ""biology research""]]"
"Q277274","[[""Mitra Mitrovich"", ""instance of"", ""human""], [""Milovan \u0192\u00eailas"", ""instance of"", ""human""], [""Mitra Mitrovich"", ""spouse"", ""Milovan \u0192\u00eailas""], [""Milovan \u0192\u00eailas"", ""spouse"", ""Mitra Mitrovich""], [""Mitra Mitrovich"", ""date of birth"", ""1936""], [""Milovan \u0192\u00eailas"", ""date of birth"", ""1936""], [""Mitra Mitrovich"", ""date of death"", ""1952""], [""Milovan \u0192\u00eailas"", ""date of death"", ""1952""]]"
"Q5362380","[[""Elizabeth Barnard"", ""instance of"", ""human""], [""John Barnard"", ""instance of"", ""human""], [""Elizabeth Barnard"", ""date of death"", ""1649""], [""Elizabeth Barnard"", ""spouse"", ""John Barnard""], [""Elizabeth Barnard"", ""family name"", ""Barnard""], [""John Barnard"", ""family name"", ""Barnard""], [""Abington"", ""instance of"", ""geographic location""], [""John Barnard"", ""place of birth"", ""Abington""], [""Northampton"", ""instance of"", ""geographic location""], [""Abington"", ""different from"", ""Northampton""]]"
"Q6096029","[[""Ivan Cacchioli"", ""instance of"", ""human""], [""2011"", ""instance of"", ""year""], [""5-year contract"", ""instance of"", ""contract""], [""Parma"", ""instance of"", ""sports team""], [""L\\'Aquila Calcio 1927"", ""instance of"", ""sports team""], [""Ivan Cacchioli"", ""member of sports team"", ""Parma""], [""Ivan Cacchioli"", ""member of sports team"", ""L\\'Aquila Calcio 1927""]]"
"Q18938","[[""Thomas Jane"", ""instance of"", ""human""], [""Aysha Hauer"", ""instance of"", ""human""], [""Rutger Hauer"", ""instance of"", ""human""], [""Thomas Jane"", ""spouse"", ""Aysha Hauer""], [""Aysha Hauer"", ""child"", ""Rutger Hauer""], [""Thomas Jane"", ""instance of"", ""actor""], [""Aysha Hauer"", ""instance of"", ""actor""], [""Rutger Hauer"", ""instance of"", ""actor""]]"
"Q234137","[[""Megan Mullally"", ""instance of"", ""human""], [""Women in Film Lucy Award"", ""instance of"", ""award""], [""television"", ""instance of"", ""medium""], [""Megan Mullally"", ""award received"", ""Women in Film Lucy Award""]]"
"Q7341301","[[""Robert A. Swanson"", ""instance of"", ""human""], [""Herbert Boyer"", ""instance of"", ""human""], [""2000 Biotechnology Heritage Award"", ""instance of"", ""science award""], [""Robert A. Swanson"", ""award received"", ""2000 Biotechnology Heritage Award""], [""Herbert Boyer"", ""award received"", ""2000 Biotechnology Heritage Award""]]"
"Q19849269","[[""Dave Goldberg"", ""instance of"", ""human""], [""Yahoo"", ""instance of"", ""company""], [""Benchmark Capital"", ""instance of"", ""company""], [""Sheryl Sandberg"", ""instance of"", ""human""], [""Dave Goldberg"", ""employer"", ""Yahoo""], [""Dave Goldberg"", ""employer"", ""Benchmark Capital""], [""Dave Goldberg"", ""spouse"", ""Sheryl Sandberg""]]"
"Q164546","[[""Alfredo Di St\u00e9fano"", ""instance of"", ""human""], [""Espanyol"", ""instance of"", ""sports team""], [""Alfredo Di St\u00e9fano"", ""occupation"", ""player""], [""Alfredo Di St\u00e9fano"", ""member of sports team"", ""Espanyol""], [""Alfredo Di St\u00e9fano"", ""date of retirement"", ""1966""], [""Alfredo Di St\u00e9fano"", ""age at time of retirement"", ""40""], [""Alfredo Di St\u00e9fano"", ""number of matches played/races/starts"", ""60""], [""Alfredo Di St\u00e9fano"", ""total goals in career"", ""14""]]"
"Q18648967","[[""Lalitha Kumari"", ""instance of"", ""human""], [""Prakash Raj"", ""instance of"", ""human""], [""Meghana"", ""instance of"", ""human""], [""Pooja"", ""instance of"", ""human""], [""Prakash Raj"", ""occupation"", ""actor""], [""Lalitha Kumari"", ""spouse"", ""Prakash Raj""], [""Prakash Raj"", ""spouse"", ""Lalitha Kumari""], [""Meghana"", ""sex or gender"", ""female""], [""Pooja"", ""sex or gender"", ""female""], [""Lalitha Kumari"", ""work period (start)"", ""1994""], [""Prakash Raj"", ""work period (start)"", ""1994""]]"
"Q463877","[[""Melinda Gates"", ""instance of"", ""human""], [""Ursuline Academy of Dallas"", ""instance of"", ""educational institution""], [""Melinda Gates"", ""educated at"", ""Ursuline Academy of Dallas""], [""1982"", ""instance of"", ""year""], [""Melinda Gates"", ""graduated"", ""1982""]]"
"Q131814","[[""Tina Turner"", ""instance of"", ""human""], [""Ike Turner"", ""instance of"", ""human""], [""1962"", ""instance of"", ""year""], [""1976"", ""instance of"", ""year""], [""1978"", ""instance of"", ""year""], [""Tina Turner"", ""spouse"", ""Ike Turner""], [""Tina Turner"", ""country of citizenship"", ""United States""], [""Ike Turner"", ""country of citizenship"", ""United States""], [""Tina Turner"", ""sex or gender"", ""female""], [""Ike Turner"", ""sex or gender"", ""male""], [""Tina Turner"", ""place of birth"", ""Nutbush""], [""Ike Turner"", ""place of birth"", ""Clarksdale""], [""Tina Turner"", ""occupation"", ""singer""], [""Ike Turner"", ""occupation"", ""musician""], [""Tina Turner"", ""field of work"", ""music""], [""Ike Turner"", ""field of work"", ""music""], [""Tina Turner"", ""date of birth"", ""November 26, 1939""], [""Ike Turner"", ""date of birth"", ""November 5, 1931""], [""Tina Turner & Ike Turner"", ""married in"", ""1962""], [""Tina Turner & Ike Turner"", ""separated in"", ""1976""], [""Tina Turner & Ike Turner"", ""divorced in"", ""1978""]]"
"Q2291334","[[""Alessandro Pierini"", ""instance of"", ""human""], [""Fiorentina"", ""instance of"", ""sports team""], [""Alessandro Pierini"", ""member of sports team"", ""Fiorentina""], [""Alessandro Pierini"", ""work period (start)"", ""1999""]]"
"Q1508004","[[""George Oliver"", ""instance of"", ""human""], [""Royal College of Physicians"", ""instance of"", ""educational institution""], [""Croonian Lecture"", ""instance of"", ""lecture""], [""George Oliver"", ""occupation"", ""fellow of the Royal College of Physicians""], [""George Oliver"", ""award received"", ""Croonian Lecture""], [""George Oliver"", ""member of"", ""Royal College of Physicians""]]"
"Q203215","[[""Max von Sydow"", ""instance of"", ""human""], [""Catherine Brelet"", ""instance of"", ""human""], [""C\u221a\u00a9dric"", ""instance of"", ""human""], [""Yvan"", ""instance of"", ""human""], [""1997"", ""instance of"", ""year""], [""Max von Sydow"", ""spouse"", ""Catherine Brelet""], [""Catherine Brelet"", ""spouse"", ""Max von Sydow""], [""Max von Sydow"", ""child"", ""C\u221a\u00a9dric""], [""Max von Sydow"", ""child"", ""Yvan""], [""Catherine Brelet"", ""child"", ""C\u221a\u00a9dric""], [""Catherine Brelet"", ""child"", ""Yvan""], [""Max von Sydow"", ""occupation"", ""actor""], [""Catherine Brelet"", ""occupation"", ""documentarian""], [""Catherine Brelet"", ""country of citizenship"", ""France""]]"
"Q177681","[[""Thomas Hunt Morgan"", ""instance of"", ""human""], [""George Ellery Hale"", ""instance of"", ""human""], [""School of Biology in California"", ""instance of"", ""educational institution""], [""Columbia"", ""instance of"", ""educational institution""], [""Bachelor of Science degree"", ""instance of"", ""academic degree""], [""1886"", ""instance of"", ""year""], [""Thomas Hunt Morgan"", ""occupation"", ""biologist""], [""Thomas Hunt Morgan"", ""educated at"", ""Columbia""], [""Thomas Hunt Morgan"", ""employer"", ""Columbia""], [""Thomas Hunt Morgan"", ""employer"", ""School of Biology in California""], [""Thomas Hunt Morgan"", ""academic degree"", ""Bachelor of Science degree""], [""George Ellery Hale"", ""occupation"", ""astronomer""], [""School of Biology in California"", ""place of birth"", ""California""], [""Columbia"", ""place of birth"", ""New York""], [""Bachelor of Science degree"", ""educated at"", ""Columbia""]]"
"Q9051542","[[""Tu Honggang"", ""instance of"", ""human""], [""Fang Shu"", ""instance of"", ""human""], [""Fang Shu"", ""instance of"", ""actress""], [""Tu Honggang"", ""spouse"", ""Fang Shu""]]"
"Q56306147","[[""Fran\u00e7ois Forget"", ""instance of"", ""human""], [""ENSTA Paris"", ""instance of"", ""educational institution""], [""CNRS"", ""instance of"", ""research center""], [""1991"", ""instance of"", ""year""], [""1996"", ""instance of"", ""year""], [""1998"", ""instance of"", ""year""], [""Mars"", ""instance of"", ""planet""], [""Fran\u00e7ois Forget"", ""educated at"", ""ENSTA Paris""], [""Fran\u00e7ois Forget"", ""field of work"", ""Mars""], [""Fran\u00e7ois Forget"", ""position held"", ""CNRS research fellow""], [""CNRS"", ""employer"", ""Fran\u00e7ois Forget""], [""Fran\u00e7ois Forget"", ""date of birth"", ""1991""], [""Fran\u00e7ois Forget"", ""date of birth"", ""1996""], [""Fran\u00e7ois Forget"", ""date of birth"", ""1998""]]"
"Q156814","[[""Yehudi Menuhin"", ""instance of"", ""human""], [""Diana Gould"", ""instance of"", ""human""], [""Evelyn Suart"", ""instance of"", ""human""], [""Admiral Sir Cecil Harcourt"", ""instance of"", ""human""], [""Yehudi Menuhin"", ""occupation"", ""ballerina""], [""Yehudi Menuhin"", ""occupation"", ""actress""], [""Evelyn Suart"", ""occupation"", ""pianist""], [""Admiral Sir Cecil Harcourt"", ""position held"", ""Admiral""], [""Yehudi Menuhin"", ""spouse"", ""Diana Gould""], [""Diana Gould"", ""mother"", ""Evelyn Suart""], [""Diana Gould"", ""father"", ""Admiral Sir Cecil Harcourt""]]"
"Q10885","[[""Fara Williams"", ""instance of"", ""human""], [""Fara Williams"", ""member of sports team"", ""Everton Ladies""], [""Fara Williams"", ""award received"", ""Premier League Cup in 2008""], [""Fara Williams"", ""award received"", ""FA Women\\'s Cup in 2010""], [""Everton Ladies"", ""instance of"", ""sports team""], [""Premier League Cup in 2008"", ""instance of"", ""award""], [""FA Women\\'s Cup in 2010"", ""instance of"", ""award""], [""Fara Williams"", ""occupation"", ""club captain""]]"
"Q55211333","[[""Rosamond L. Naylor"", ""instance of"", ""human""], [""Stanford"", ""instance of"", ""educational institution""], [""1989"", ""instance of"", ""year""], [""Rosamond L. Naylor"", ""educated at"", ""Stanford""], [""Rosamond L. Naylor"", ""doctoral student"", ""1989""]]"
"Q359442","[[""Bernie Sanders"", ""instance of"", ""human""], [""Bernie Sanders"", ""member of political party"", ""Vermont's Liberty Union Party""], [""Bernie Sanders"", ""member of political party"", ""Democratic Party""], [""Bernie Sanders"", ""field of work"", ""politics""], [""Bernie Sanders"", ""position held"", ""candidate""], [""Vermont's Liberty Union Party"", ""instance of"", ""political party""], [""Democratic Party"", ""instance of"", ""political party""], [""Democratic Party nomination for president of the United States in 2016"", ""instance of"", ""political event""], [""Democratic Party nomination for president of the United States in 2020"", ""instance of"", ""political event""], [""Bernie Sanders"", ""position held"", ""Democratic Party nomination for president of the United States in 2016""], [""Bernie Sanders"", ""position held"", ""Democratic Party nomination for president of the United States in 2020""]]"
"Q29959464","[[""John M. Mitnick"", ""instance of"", ""human""], [""John M. Mitnick"", ""educated at"", ""Emory University""], [""John M. Mitnick"", ""educated at"", ""University of Virginia School of Law""], [""John M. Mitnick"", ""educated at"", ""University of Oxford""], [""Emory University"", ""instance of"", ""educational institution""], [""University of Virginia School of Law"", ""instance of"", ""educational institution""], [""University of Oxford"", ""instance of"", ""educational institution""]]"
"Q483118","[[""Jennifer Garner"", ""instance of"", ""human""], [""Ben Affleck"", ""instance of"", ""human""], [""Ben Affleck"", ""spouse"", ""Jennifer Garner""], [""Ben Affleck"", ""occupation"", ""actor""], [""Jennifer Garner"", ""occupation"", ""actress""], [""Ben Affleck"", ""child"", ""first child""]]"
"Q3702026","[[""20 June 2014"", ""instance of"", ""date""], [""Daniele Mori"", ""instance of"", ""human""], [""Udinese"", ""instance of"", ""sports team""], [""250"", ""instance of"", ""money""], [""30 January 2014"", ""instance of"", ""date""], [""Brescia"", ""instance of"", ""sports team""], [""co-ownership deal"", ""instance of"", ""legal concept""], [""3 July 2013"", ""instance of"", ""date""], [""loan deal"", ""instance of"", ""legal concept""], [""Novara Calcio"", ""instance of"", ""sports team""], [""2013\u201a\u00c4\u00ec14 season"", ""instance of"", ""time period""], [""Daniele Mori"", ""member of sports team"", ""Udinese""], [""Daniele Mori"", ""member of sports team"", ""Brescia""], [""Daniele Mori"", ""member of sports team"", ""Novara Calcio""]]"
"Q2407259","[[""Am\u00e9d\u00e9e Gordini"", ""instance of"", ""human""], [""Simca"", ""instance of"", ""company""], [""Fiat"", ""instance of"", ""company""], [""the cars"", ""instance of"", ""vehicle model""], [""the cars basic Fiat designed engines"", ""instance of"", ""mechanical system""], [""Am\u00e9d\u00e9e Gordini"", ""occupation"", ""mechanic""], [""Am\u00e9d\u00e9e Gordini"", ""employer"", ""Simca""], [""Am\u00e9d\u00e9e Gordini"", ""nickname"", ""le sorcier de la mechanique""], [""the cars"", ""manufacturer"", ""Fiat""], [""the cars basic Fiat designed engines"", ""participant in"", ""performance improvement""]]"
"Q4178758","[[""1912"", ""instance of"", ""year""], [""Herman Wildenvey"", ""instance of"", ""person""], [""nineteen"", ""instance of"", ""age""], [""Jonette Kramer Andreassen"", ""instance of"", ""person""], [""Gisken Wildenvey"", ""instance of"", ""person""], [""Herman Wildenvey"", ""spouse"", ""Gisken Wildenvey""], [""Gisken Wildenvey"", ""spouse"", ""Herman Wildenvey""]]"
"Q239571","[[""Elizabeth Dole"", ""instance of"", ""human""], [""Duke University"", ""instance of"", ""educational institution""], [""Political Science"", ""instance of"", ""academic discipline""], [""Elizabeth Dole"", ""educated at"", ""Duke University""], [""Elizabeth Dole"", ""occupation"", ""Political Science""], [""June 2, 1958"", ""instance of"", ""date""]]"
"Q5126277","[[""Clare Wille"", ""instance of"", ""human""], [""Clare Wille"", ""occupation"", ""actress""], [""Clare Wille"", ""occupation"", ""voiceover artist""], [""RADA"", ""instance of"", ""educational institution""], [""Clare Wille"", ""educated at"", ""RADA""]]"
"Q535890","[[""Angelo Dolci"", ""instance of"", ""human""], [""Nazianzo"", ""instance of"", ""geographic entity""], [""9 December 1906"", ""instance of"", ""date""], [""titular archbishop"", ""instance of"", ""religious occupation""], [""Angelo Dolci"", ""position held"", ""titular archbishop""], [""Angelo Dolci"", ""occupation"", ""titular archbishop""], [""Angelo Dolci"", ""religion or worldview"", ""Catholicism""], [""Nazianzo"", ""place of birth"", ""Angelo Dolci""], [""9 December 1906"", ""date of birth"", ""Angelo Dolci""]]"
"Q61055308","[[""Muhammad Alhamid"", ""instance of"", ""human""], [""Doctoral Program"", ""instance of"", ""education program""], [""Airlangga University"", ""instance of"", ""academic institution""], [""Muhammad Alhamid"", ""educated at"", ""Airlangga University""], [""Muhammad Alhamid"", ""educated at"", ""Doctoral Program""], [""2007"", ""instance of"", ""year""], [""Muhammad Alhamid"", ""occupation"", ""academician""], [""Muhammad Alhamid"", ""position held"", ""doctoral student""]]"
"Q234182","[[""Harriet Harman"", ""instance of"", ""human""], [""Solicitor General"", ""instance of"", ""position""], [""2001 general election"", ""instance of"", ""public election""], [""front bench"", ""instance of"", ""political territorial entity""], [""Harriet Harman"", ""position held"", ""Solicitor General""], [""Harriet Harman"", ""member of political party"", ""front bench""], [""Harriet Harman"", ""candidacy in election"", ""2001 general election""]]"
"Q445939","[[""Roger Scruton"", ""instance of"", ""human""], [""University of Oxford"", ""instance of"", ""educational institution""], [""Blackfriars Hall, Oxford"", ""instance of"", ""educational institution""], [""Roger Scruton"", ""employer"", ""University of Oxford""], [""Roger Scruton"", ""position held"", ""visiting professorship""], [""Roger Scruton"", ""position held"", ""senior research fellow""], [""Roger Scruton"", ""field of work"", ""aesthetics""]]"
"Q8014179","[[""William L. Jorgensen"", ""instance of"", ""human""], [""Yale faculty"", ""instance of"", ""group of humans""], [""1990"", ""instance of"", ""year""], [""William L. Jorgensen"", ""employer"", ""Yale faculty""], [""William L. Jorgensen"", ""year of employment"", ""1990""]]"
"Q1477082","[[""Lutz Seiler"", ""instance of"", ""human""], [""Ingeborg Bachmann Prize"", ""instance of"", ""award""], [""Turksib"", ""instance of"", ""short story volume""], [""2007"", ""instance of"", ""year""], [""Lutz Seiler"", ""award received"", ""Ingeborg Bachmann Prize""], [""Turksib"", ""field of work"", ""Lutz Seiler""], [""2007"", ""point in time"", ""Lutz Seiler received Ingeborg Bachmann Prize""]]"
"Q6830106","[[""Michael Elliott"", ""instance of"", ""human""], [""Rosalind Knight"", ""instance of"", ""human""], [""Rosalind Knight"", ""instance of"", ""actress""], [""Michael Elliott"", ""spouse"", ""Rosalind Knight""], [""Rosalind Knight"", ""spouse"", ""Michael Elliott""]]"
"Q573399","[[""i1"", ""instance of"", ""human""], [""i2"", ""instance of"", ""character that may or may not be fictional""], [""i3"", ""instance of"", ""work""], [""i4"", ""instance of"", ""human""], [""i5"", ""instance of"", ""class of award""], [""i1"", ""nominated for"", ""i5""], [""i1"", ""participant in"", ""i3""], [""i2"", ""occupation"", ""i1""], [""i3"", ""described by source"", ""i4""]]"
"Q15262812","[[""Lars Castellucci"", ""instance of"", ""human""], [""Social Democratic Party of Germany (SPD)"", ""instance of"", ""political party""], [""Lars Castellucci"", ""member of political party"", ""Social Democratic Party of Germany (SPD)""]]"
"Q6225275","[[""John Carrick"", ""instance of"", ""human""], [""Centenary Medal"", ""instance of"", ""award""], [""Companion of the Order of Australia (AC)"", ""instance of"", ""title of honor""], [""Outstanding leadership and service to the Australian community, especially through education"", ""instance of"", ""job activity""], [""Distinguished service in the area of educational reform in Australia, particularly through the advancement of early childhood education and to the development and support of new initiatives in the tertiary sector, and to the broader community"", ""instance of"", ""job activity""], [""John Carrick"", ""award received"", ""Centenary Medal""], [""John Carrick"", ""award received"", ""Companion of the Order of Australia (AC)""], [""John Carrick"", ""occupation"", ""Outstanding leadership and service to the Australian community, especially through education""]]"
"Q3852273","[[""Mat Sadler"", ""instance of"", ""human""], [""Watford"", ""instance of"", ""sports team""], [""24 January 2008"", ""instance of"", ""date""], [""\u00ac\u00a3750,000"", ""instance of"", ""currency amount""], [""\u00ac\u00a3900,000"", ""instance of"", ""currency amount""], [""29 January 2008"", ""instance of"", ""date""], [""Sheffield United"", ""instance of"", ""sports team""], [""7 February 2006"", ""instance of"", ""date""], [""Birmingham"", ""instance of"", ""sports team""], [""28 December 2002"", ""instance of"", ""date""], [""10 January 2004"", ""instance of"", ""date""], [""2\u201a\u00c4\u00ec1 home win"", ""instance of"", ""sports result""], [""Reading"", ""instance of"", ""sports team""], [""FA Cup"", ""instance of"", ""sport event""], [""Mathew Birley"", ""instance of"", ""human""], [""Oldham Athletic"", ""instance of"", ""sports team""], [""14 March 2015"", ""instance of"", ""date""], [""Barnsley"", ""instance of"", ""sports team""]]"
"Q103343","[[""Jennifer Connelly"", ""instance of"", ""human""], [""Yale"", ""instance of"", ""university""], [""Stanford University"", ""instance of"", ""university""], [""1990"", ""instance of"", ""year""], [""1988"", ""instance of"", ""year""], [""drama"", ""instance of"", ""subject""], [""English literature"", ""instance of"", ""subject""], [""two years"", ""instance of"", ""time period""], [""high school diploma"", ""instance of"", ""educational degree""], [""Jennifer Connelly"", ""educated at"", ""Yale""], [""Jennifer Connelly"", ""educated at"", ""Stanford University""], [""Jennifer Connelly"", ""languages spoken, written or signed"", ""English""], [""Jennifer Connelly"", ""occupation"", ""student""], [""Yale"", ""country of citizenship"", ""United States""], [""Stanford University"", ""country of citizenship"", ""United States""]]"
"Q712851","[[""Oliver Wallace"", ""instance of"", ""person""], [""Disney Legends award"", ""instance of"", ""award""], [""2008"", ""instance of"", ""year""], [""Oliver Wallace"", ""award received"", ""Disney Legends award""]]"
"Q253862","[[""Yoshiko Yamaguchi"", ""instance of"", ""human""], [""Isamu Noguchi"", ""instance of"", ""human""], [""Isamu Noguchi"", ""instance of"", ""Japanese-American""], [""Isamu Noguchi"", ""instance of"", ""sculptor""], [""1951"", ""instance of"", ""year""], [""Yoshiko Yamaguchi"", ""spouse"", ""Isamu Noguchi""], [""Isamu Noguchi"", ""spouse"", ""Yoshiko Yamaguchi""]]"
"Q5302905","[[""Roy Moore"", ""instance of"", ""human""], [""chief justice of the Supreme Court of Alabama"", ""instance of"", ""position""], [""Supreme Court of Alabama"", ""instance of"", ""government organization""], [""2001"", ""instance of"", ""year""], [""January 15, 2001"", ""instance of"", ""date""], [""Roy Moore"", ""position held"", ""chief justice of the Supreme Court of Alabama""], [""chief justice of the Supreme Court of Alabama"", ""employer"", ""Supreme Court of Alabama""], [""Roy Moore"", ""significant event"", ""2001""], [""Roy Moore"", ""significant event"", ""January 15, 2001""]]"
"Q3299397","[[""Matt Bors"", ""instance of"", ""human""], [""Medium"", ""instance of"", ""website""], [""July 2015"", ""instance of"", ""time period""], [""Matt Bors"", ""employer"", ""Medium""]]"
"Q312569","[[""Robert Jenkinson, 2nd Earl of Liverpool"", ""instance of"", ""human""], [""Robert Jenkinson, 2nd Earl of Liverpool"", ""position held"", ""Home Secretary""], [""Robert Jenkinson, 2nd Earl of Liverpool"", ""position held"", ""2nd Earl of Liverpool""], [""Duke of Portland"", ""instance of"", ""human""], [""Duke of Portland"", ""position held"", ""Duke of Portland""], [""Duke of Portland\\'s ministry"", ""instance of"", ""political organization""], [""Robert Jenkinson, 2nd Earl of Liverpool"", ""member of"", ""Duke of Portland\\'s ministry""]]"
"Q7298975","[[""Raymond Lovell"", ""instance of"", ""human""], [""Tamara Desni"", ""instance of"", ""human""], [""Raymond Lovell"", ""spouse"", ""Tamara Desni""], [""Raymond Lovell"", ""date of divorce"", ""1951""], [""Raymond Lovell"", ""date of marriage "", ""1947""]]"
"Q983999","[[""Distribution of Bird-life in Colombia"", ""instance of"", ""scholarly work""], [""Frank Michler Chapman"", ""instance of"", ""human""], [""Daniel Giraud Elliot Medal"", ""instance of"", ""award""], [""National Academy of Sciences"", ""instance of"", ""organization""], [""Frank Michler Chapman"", ""field of work"", ""Distribution of Bird-life in Colombia""], [""Frank Michler Chapman"", ""award received"", ""Daniel Giraud Elliot Medal""], [""Daniel Giraud Elliot Medal"", ""employer"", ""National Academy of Sciences""]]"
"Q200639","[[""Paul Val\u00e9ry"", ""instance of"", ""human""], [""Paris"", ""instance of"", ""city""], [""1945"", ""instance of"", ""year""], [""Paul Val\u00e9ry"", ""place of death"", ""Paris""], [""Paul Val\u00e9ry"", ""date of death"", ""1945""]]"
"Q57531737","[[""Muyinatu Bell"", ""instance of"", ""person""], [""Muyinatu Bell"", ""educated at"", ""Massachusetts Institute of Technology""], [""Massachusetts Institute of Technology"", ""instance of"", ""educational institution""], [""Muyinatu Bell"", ""occupation"", ""mechanical engineering""], [""bachelor\\'s degree in mechanical engineering"", ""instance of"", ""degree""], [""2006"", ""instance of"", ""year""]]"
"Q7307851","[[""Reg Robinson"", ""instance of"", ""human""], [""Scunthorpe United"", ""instance of"", ""sports team""], [""Huddersfield Town"", ""instance of"", ""sports team""], [""Exeter City"", ""instance of"", ""sports team""], [""Watford"", ""instance of"", ""sports team""], [""William Brown"", ""instance of"", ""human""], [""Reg Robinson"", ""member of sports team"", ""Scunthorpe United""], [""Reg Robinson"", ""member of sports team"", ""Huddersfield Town""], [""Reg Robinson"", ""member of sports team"", ""Exeter City""], [""Reg Robinson"", ""member of sports team"", ""Watford""], [""William Brown"", ""member of sports team"", ""Watford""]]"
"Q6200610","[[""Jimmy Leaver"", ""instance of"", ""human""], [""Stalybridge Celtic"", ""instance of"", ""sports team""], [""Jimmy Leaver"", ""member of sports team"", ""Stalybridge Celtic""], [""Jimmy Leaver"", ""occupation"", ""manager""]]"
"Q61763463","[[""Raymond L. Desjardins"", ""instance of"", ""person""], [""MSc in Meteorology"", ""instance of"", ""degree""], [""PhD in Micrometeorology"", ""instance of"", ""degree""], [""University of Toronto"", ""instance of"", ""educational institution""], [""Cornell University"", ""instance of"", ""educational institution""], [""Raymond L. Desjardins"", ""educated at"", ""University of Toronto""], [""Raymond L. Desjardins"", ""educated at"", ""Cornell University""], [""Raymond L. Desjardins"", ""field of work"", ""Meteorology""], [""Raymond L. Desjardins"", ""field of work"", ""Micrometeorology""]]"
"Q18535894","[[""Melville Richards"", ""instance of"", ""human""], [""Research Assistant Lecturer in Welsh"", ""instance of"", ""occupation""], [""Assistant Lecturer"", ""instance of"", ""occupation""], [""Swansea University"", ""instance of"", ""educational institution""], [""Melville Richards"", ""occupation"", ""Research Assistant Lecturer in Welsh""], [""Melville Richards"", ""employer"", ""Swansea University""], [""Melville Richards"", ""occupation"", ""Assistant Lecturer""]]"
"Q173714","[[""Max Euwe"", ""instance of"", ""human""], [""Tilburg University"", ""instance of"", ""educational institution""], [""Rotterdam University"", ""instance of"", ""educational institution""], [""Max Euwe"", ""field of work"", ""computer science""], [""Max Euwe"", ""field of work"", ""computer programming""], [""Max Euwe"", ""occupation"", ""professor""], [""Max Euwe"", ""employer"", ""Tilburg University""], [""Max Euwe"", ""employer"", ""Rotterdam University""]]"
"Q3293580","[[""Mario Theodoli"", ""instance of"", ""human""], [""cardinal"", ""instance of"", ""Catholic vocation""], [""Pope Urban VIII"", ""instance of"", ""human""], [""1643"", ""instance of"", ""year""], [""Cardinal-Priest"", ""instance of"", ""Catholic vocation""], [""Basilica of Santi Bonifacio e Alessio"", ""instance of"", ""artificial geographic entity""], [""Mario Theodoli"", ""position held"", ""cardinal""], [""Mario Theodoli"", ""position held"", ""Cardinal-Priest""], [""Mario Theodoli"", ""occupation"", ""Cardinal-Priest""], [""Mario Theodoli"", ""religion or worldview"", ""Catholicism""], [""Pope Urban VIII"", ""position held"", ""Pope""], [""Basilica of Santi Bonifacio e Alessio"", ""religion or worldview"", ""Catholicism""], [""Pope Urban VIII"", ""consecrator"", ""Mario Theodoli""]]"
"Q228607","[[""Anouk Aim\u00e9e"", ""instance of"", ""human""], [""Golden Globe Award for Best Actress - Motion Picture Drama"", ""instance of"", ""award""], [""BAFTA Award for Best Actress"", ""instance of"", ""award""], [""Academy Award for Best Actress"", ""instance of"", ""award""], [""A Man and a Woman (1966)"", ""instance of"", ""work""], [""Anouk Aim\u00e9e"", ""award received"", ""Golden Globe Award for Best Actress - Motion Picture Drama""], [""Anouk Aim\u00e9e"", ""award received"", ""BAFTA Award for Best Actress""], [""Anouk Aim\u00e9e"", ""nominated for"", ""Academy Award for Best Actress""], [""Anouk Aim\u00e9e"", ""occupation"", ""actress""], [""Anouk Aim\u00e9e"", ""work"", ""A Man and a Woman (1966)""]]"
"Q468577","[[""Jemima Goldsmith"", ""instance of"", ""human""], [""Imran Khan"", ""instance of"", ""human""], [""Pakistan"", ""instance of"", ""sovereign state""], [""1995"", ""instance of"", ""year""], [""Suleiman"", ""instance of"", ""human""], [""Kasim"", ""instance of"", ""human""], [""Jemima Goldsmith"", ""spouse"", ""Imran Khan""], [""Jemima Goldsmith"", ""child"", ""Suleiman""], [""Jemima Goldsmith"", ""child"", ""Kasim""], [""Imran Khan"", ""country of citizenship"", ""Pakistan""], [""Imran Khan"", ""position held"", ""Prime Minister""], [""Imran Khan"", ""occupation"", ""cricketer""]]"
"Q337380","[[""Hugh Gaitskell"", ""instance of"", ""human""], [""Bevan"", ""instance of"", ""human""], [""Labour Party"", ""instance of"", ""political party""], [""Leader of the Labour Party"", ""instance of"", ""position""], [""Leader of the Opposition"", ""instance of"", ""position""], [""Hugh Gaitskell"", ""member of political party"", ""Labour Party""], [""Hugh Gaitskell"", ""position held"", ""Leader of the Labour Party""], [""Hugh Gaitskell"", ""position held"", ""Leader of the Opposition""]]"
"Q4772230","[[""Anthony Cavalcante"", ""instance of"", ""human""], [""Dickinson College"", ""instance of"", ""educational institution""], [""law school of Dickinson College"", ""instance of"", ""educational institution""], [""Carlisle, Pennsylvania"", ""instance of"", ""geographic location""], [""1924"", ""instance of"", ""year""], [""Anthony Cavalcante"", ""educated at"", ""law school of Dickinson College""], [""law school of Dickinson College"", ""is part of"", ""Dickinson College""], [""law school of Dickinson College"", ""located in"", ""Carlisle, Pennsylvania""], [""Anthony Cavalcante"", ""graduated in"", ""1924""]]"
"Q3426409","[[""Ren\u221a\u00a9 Jodoin"", ""instance of"", ""person""], [""Norman McLaren"", ""instance of"", ""person""], [""NFB"", ""instance of"", ""organization""], [""French Animation Studio"", ""instance of"", ""organization""], [""Ren\u221a\u00a9 Jodoin"", ""occupation"", ""head of the French Animation Studio""], [""Ren\u221a\u00a9 Jodoin"", ""employer"", ""NFB""], [""Ren\u221a\u00a9 Jodoin"", ""employer"", ""French Animation Studio""], [""Norman McLaren"", ""occupation"", ""animation pioneer""], [""Norman McLaren"", ""employer"", ""NFB""]]"
"Q2770049","[[""Ramesh Parekh"", ""instance of"", ""human""], [""Sahitya Akademi Award for Gujarati"", ""instance of"", ""literary award""], [""Kumar Chandrak"", ""instance of"", ""literary award""], [""Dhanji Kanji Gandhi Suvarna Chandrak"", ""instance of"", ""literary award""], [""Ranjitram Suvarna Chandrak"", ""instance of"", ""literary award""], [""Kala Gaurav Award"", ""instance of"", ""literary award""], [""Vitan Sud Beej"", ""instance of"", ""written work""], [""Ramesh Parekh"", ""award received"", ""Sahitya Akademi Award for Gujarati""], [""Ramesh Parekh"", ""award received"", ""Kumar Chandrak""], [""Ramesh Parekh"", ""award received"", ""Dhanji Kanji Gandhi Suvarna Chandrak""], [""Ramesh Parekh"", ""award received"", ""Ranjitram Suvarna Chandrak""], [""Ramesh Parekh"", ""award received"", ""Kala Gaurav Award""], [""Ramesh Parekh"", ""notable work"", ""Vitan Sud Beej""]]"
"Q4457","[[""Franz Beckenbauer"", ""instance of"", ""human""], [""International football"", ""instance of"", ""sport""], [""1977"", ""instance of"", ""year""], [""New York Cosmos"", ""instance of"", ""sports team""], [""Franz Beckenbauer"", ""occupation"", ""international football""], [""Franz Beckenbauer"", ""member of sports team"", ""New York Cosmos""], [""Franz Beckenbauer"", ""country for sport"", ""international""], [""Franz Beckenbauer"", ""work period (end)"", ""1977""]]"
"Q136687","[[""Tommy Hilfiger"", ""instance of"", ""person""], [""Dee Ocleppo"", ""instance of"", ""person""], [""Tommy Hilfiger"", ""spouse"", ""Dee Ocleppo""], [""Tommy Hilfiger"", ""number of children"", ""1""]]"
"Q21205837","[[""J. Fred Macdonald"", ""instance of"", ""human""], [""Assistant Professor"", ""instance of"", ""occupation""], [""History"", ""instance of"", ""academic discipline""], [""Northeastern Illinois University"", ""instance of"", ""educational institution""], [""University of California at Berkeley"", ""instance of"", ""educational institution""], [""BA"", ""instance of"", ""degree""], [""MA"", ""instance of"", ""degree""], [""J. Fred Macdonald"", ""occupation"", ""Assistant Professor""], [""J. Fred Macdonald"", ""employer"", ""Northeastern Illinois University""], [""J. Fred Macdonald"", ""educated at"", ""University of California at Berkeley""], [""J. Fred Macdonald"", ""instance of"", ""BA""], [""J. Fred Macdonald"", ""instance of"", ""MA""]]"
"Q251711","[[""\u221a\u00c5ngel Herrera Oria"", ""instance of"", ""human""], [""\u221a\u00c5ngel Herrera Oria"", ""occupation"", ""cardinal""], [""\u221a\u00c5ngel Herrera Oria"", ""position held"", ""cardinal-priest""], [""Pope Paul VI"", ""instance of"", ""human""], [""Sacro Cuore di Maria"", ""instance of"", ""titular church""], [""\u221a\u00c5ngel Herrera Oria"", ""member of"", ""order of cardinal-priests""], [""Pope Paul VI"", ""position held"", ""Pope""]]"
"Q1934544","[[""Mao Xinyu"", ""instance of"", ""human""], [""History Department of Renmin University of China"", ""instance of"", ""educational institution""], [""Mao Xinyu"", ""educated at"", ""History Department of Renmin University of China""]]"
"Q17543191","[[""Margaret Tebbit"", ""instance of"", ""human""], [""Norman Tebbit"", ""instance of"", ""human""], [""Margaret Tebbit"", ""spouse"", ""Norman Tebbit""], [""Norman Tebbit"", ""spouse"", ""Margaret Tebbit""]]"
"Q3751616","[[""Franco Superchi"", ""instance of"", ""human""], [""Fiorentina"", ""instance of"", ""sports team""], [""Franco Superchi"", ""member of sports team"", ""Fiorentina""], [""Franco Superchi"", ""year"", ""1965""]]"
"Q7336490","[[""Rita Carewe"", ""instance of"", ""human""], [""LeRoy Mason"", ""instance of"", ""human""], [""Yuma, Arizona"", ""instance of"", ""geographic entity""], [""Rita Carewe"", ""spouse"", ""LeRoy Mason""], [""LeRoy Mason"", ""spouse"", ""Rita Carewe""], [""Rita Carewe"", ""occupation"", ""actor""], [""LeRoy Mason"", ""occupation"", ""actor""], [""Rita Carewe"", ""place of death"", ""Yuma, Arizona""], [""LeRoy Mason"", ""place of death"", ""Yuma, Arizona""]]"